Crown_id,Species,Probability
3,ACRU,0.0
3,LIST,0.0
3,OTHER,0.16666666666666666
3,PIEL,0.0
3,PIPA,0.7666666666666666
3,PITA,0.03333333333333333
3,QUGE,0.0
3,QULA,0.03333333333333333
3,QUNI,0.0
4,ACRU,0.0
4,LIST,0.0
4,OTHER,0.025
4,PIEL,0.0
4,PIPA,0.9750000000000001
4,PITA,0.0
4,QUGE,0.0
4,QULA,0.0
4,QUNI,0.0
9,ACRU,0.0
9,LIST,0.0
9,OTHER,0.04
9,PIEL,0.0
9,PIPA,0.13999999999999999
9,PITA,0.02
9,QUGE,0.06000000000000001
9,QULA,0.74
9,QUNI,0.0
13,ACRU,0.0
13,LIST,0.0
13,OTHER,0.0
13,PIEL,0.011111111111111112
13,PIPA,0.9444444444444444
13,PITA,0.022222222222222223
13,QUGE,0.0
13,QULA,0.022222222222222223
13,QUNI,0.0
14,ACRU,0.0
14,LIST,0.0
14,OTHER,0.08333333333333333
14,PIEL,0.06666666666666667
14,PIPA,0.23333333333333336
14,PITA,0.4166666666666667
14,QUGE,0.05000000000000001
14,QULA,0.15000000000000002
14,QUNI,0.0
16,ACRU,0.0
16,LIST,0.0
16,OTHER,0.0
16,PIEL,0.0
16,PIPA,0.5599999999999999
16,PITA,0.2
16,QUGE,0.08
16,QULA,0.14
16,QUNI,0.02
18,ACRU,0.0
18,LIST,0.0
18,OTHER,0.5
18,PIEL,0.0
18,PIPA,0.05
18,PITA,0.05
18,QUGE,0.175
18,QULA,0.15000000000000002
18,QUNI,0.07500000000000001
20,ACRU,0.009090909090909092
20,LIST,0.0
20,OTHER,0.22727272727272732
20,PIEL,0.045454545454545456
20,PIPA,0.2727272727272727
20,PITA,0.08181818181818182
20,QUGE,0.09090909090909091
20,QULA,0.27272727272727276
20,QUNI,0.0
21,ACRU,0.0
21,LIST,0.0
21,OTHER,0.05833333333333333
21,PIEL,0.65
21,PIPA,0.2333333333333333
21,PITA,0.008333333333333333
21,QUGE,0.016666666666666666
21,QULA,0.03333333333333333
21,QUNI,0.0
22,ACRU,0.06666666666666667
22,LIST,0.0
22,OTHER,0.25
22,PIEL,0.0
22,PIPA,0.08333333333333333
22,PITA,0.016666666666666666
22,QUGE,0.016666666666666666
22,QULA,0.5333333333333333
22,QUNI,0.03333333333333333
23,ACRU,0.0
23,LIST,0.0
23,OTHER,0.0
23,PIEL,0.0
23,PIPA,0.15000000000000002
23,PITA,0.0
23,QUGE,0.1
23,QULA,0.75
23,QUNI,0.0
24,ACRU,0.0
24,LIST,0.0
24,OTHER,0.03333333333333333
24,PIEL,0.03333333333333333
24,PIPA,0.39999999999999997
24,PITA,0.0
24,QUGE,0.3666666666666667
24,QULA,0.13333333333333333
24,QUNI,0.03333333333333333
25,ACRU,0.0
25,LIST,0.0
25,OTHER,0.0058823529411764705
25,PIEL,0.0058823529411764705
25,PIPA,0.9647058823529411
25,PITA,0.0058823529411764705
25,QUGE,0.0
25,QULA,0.011764705882352941
25,QUNI,0.0058823529411764705
26,ACRU,0.0
26,LIST,0.0
26,OTHER,0.0
26,PIEL,0.0
26,PIPA,0.9
26,PITA,0.0
26,QUGE,0.0
26,QULA,0.1
26,QUNI,0.0
28,ACRU,0.05
28,LIST,0.0
28,OTHER,0.0
28,PIEL,0.05
28,PIPA,0.8500000000000001
28,PITA,0.0
28,QUGE,0.0
28,QULA,0.05
28,QUNI,0.0
29,ACRU,0.0
29,LIST,0.0
29,OTHER,0.0
29,PIEL,0.0
29,PIPA,0.9352941176470588
29,PITA,0.0058823529411764705
29,QUGE,0.01764705882352941
29,QULA,0.041176470588235294
29,QUNI,0.0
30,ACRU,0.0
30,LIST,0.0
30,OTHER,0.0
30,PIEL,0.0
30,PIPA,0.075
30,PITA,0.0
30,QUGE,0.925
30,QULA,0.0
30,QUNI,0.0
31,ACRU,0.07000000000000002
31,LIST,0.013333333333333334
31,OTHER,0.06333333333333334
31,PIEL,0.02
31,PIPA,0.0
31,PITA,0.006666666666666667
31,QUGE,0.03666666666666667
31,QULA,0.013333333333333334
31,QUNI,0.7766666666666667
42,ACRU,0.0
42,LIST,0.0
42,OTHER,0.05
42,PIEL,0.0
42,PIPA,0.6000000000000001
42,PITA,0.05
42,QUGE,0.3
42,QULA,0.0
42,QUNI,0.0
43,ACRU,0.0
43,LIST,0.0
43,OTHER,0.05
43,PIEL,0.0
43,PIPA,0.9
43,PITA,0.0
43,QUGE,0.0
43,QULA,0.05
43,QUNI,0.0
44,ACRU,0.0
44,LIST,0.0
44,OTHER,0.06666666666666667
44,PIEL,0.0
44,PIPA,0.6666666666666666
44,PITA,0.03333333333333333
44,QUGE,0.03333333333333333
44,QULA,0.19999999999999998
44,QUNI,0.0
45,ACRU,0.0
45,LIST,0.0
45,OTHER,0.0
45,PIEL,0.0
45,PIPA,0.96
45,PITA,0.02
45,QUGE,0.0
45,QULA,0.02
45,QUNI,0.0
46,ACRU,0.0
46,LIST,0.0
46,OTHER,0.0
46,PIEL,0.0
46,PIPA,0.95
46,PITA,0.0
46,QUGE,0.0
46,QULA,0.05
46,QUNI,0.0
52,ACRU,0.0
52,LIST,0.0
52,OTHER,0.0
52,PIEL,0.025
52,PIPA,0.32499999999999996
52,PITA,0.025
52,QUGE,0.025
52,QULA,0.575
52,QUNI,0.025
53,ACRU,0.0
53,LIST,0.0
53,OTHER,0.016666666666666666
53,PIEL,0.016666666666666666
53,PIPA,0.7666666666666666
53,PITA,0.05000000000000001
53,QUGE,0.03333333333333333
53,QULA,0.10000000000000002
53,QUNI,0.016666666666666666
54,ACRU,0.0
54,LIST,0.0
54,OTHER,0.0
54,PIEL,0.0
54,PIPA,1.0
54,PITA,0.0
54,QUGE,0.0
54,QULA,0.0
54,QUNI,0.0
55,ACRU,0.0
55,LIST,0.0
55,OTHER,0.0
55,PIEL,0.0
55,PIPA,1.0
55,PITA,0.0
55,QUGE,0.0
55,QULA,0.0
55,QUNI,0.0
57,ACRU,0.0
57,LIST,0.0
57,OTHER,0.0
57,PIEL,0.0
57,PIPA,0.9800000000000001
57,PITA,0.0
57,QUGE,0.02
57,QULA,0.0
57,QUNI,0.0
58,ACRU,0.0
58,LIST,0.0
58,OTHER,0.0
58,PIEL,0.0
58,PIPA,0.942857142857143
58,PITA,0.0
58,QUGE,0.0
58,QULA,0.05
58,QUNI,0.0071428571428571435
61,ACRU,0.0
61,LIST,0.0
61,OTHER,0.02
61,PIEL,0.04
61,PIPA,0.8400000000000001
61,PITA,0.06000000000000001
61,QUGE,0.0
61,QULA,0.0
61,QUNI,0.04
62,ACRU,0.0
62,LIST,0.0
62,OTHER,0.06666666666666667
62,PIEL,0.0
62,PIPA,0.3333333333333333
62,PITA,0.0
62,QUGE,0.13333333333333333
62,QULA,0.4666666666666666
62,QUNI,0.0
67,ACRU,0.0
67,LIST,0.0
67,OTHER,0.0
67,PIEL,0.05
67,PIPA,0.95
67,PITA,0.0
67,QUGE,0.0
67,QULA,0.0
67,QUNI,0.0
68,ACRU,0.0
68,LIST,0.0
68,OTHER,0.0
68,PIEL,0.0
68,PIPA,0.8
68,PITA,0.15
68,QUGE,0.0
68,QULA,0.05
68,QUNI,0.0
71,ACRU,0.037500000000000006
71,LIST,0.0
71,OTHER,0.0125
71,PIEL,0.025
71,PIPA,0.025
71,PITA,0.8375
71,QUGE,0.0
71,QULA,0.0625
71,QUNI,0.0
72,ACRU,0.0
72,LIST,0.0
72,OTHER,0.0
72,PIEL,0.0
72,PIPA,0.95
72,PITA,0.01
72,QUGE,0.02
72,QULA,0.02
72,QUNI,0.0
73,ACRU,0.0
73,LIST,0.0
73,OTHER,0.07500000000000001
73,PIEL,0.05
73,PIPA,0.15
73,PITA,0.025
73,QUGE,0.05
73,QULA,0.65
73,QUNI,0.0
78,ACRU,0.0
78,LIST,0.0
78,OTHER,0.1
78,PIEL,0.15000000000000002
78,PIPA,0.6
78,PITA,0.05
78,QUGE,0.0
78,QULA,0.1
78,QUNI,0.0
79,ACRU,0.0
79,LIST,0.0
79,OTHER,0.03333333333333333
79,PIEL,0.03333333333333333
79,PIPA,0.9
79,PITA,0.0
79,QUGE,0.0
79,QULA,0.0
79,QUNI,0.03333333333333333
82,ACRU,0.0
82,LIST,0.0
82,OTHER,0.0
82,PIEL,0.0
82,PIPA,0.0
82,PITA,0.0
82,QUGE,0.44999999999999996
82,QULA,0.55
82,QUNI,0.0
83,ACRU,0.26666666666666666
83,LIST,0.0
83,OTHER,0.06666666666666667
83,PIEL,0.0
83,PIPA,0.06666666666666667
83,PITA,0.10000000000000002
83,QUGE,0.03333333333333333
83,QULA,0.16666666666666666
83,QUNI,0.3
86,ACRU,0.0
86,LIST,0.0
86,OTHER,0.025
86,PIEL,0.025
86,PIPA,0.07500000000000001
86,PITA,0.025
86,QUGE,0.07500000000000001
86,QULA,0.7749999999999999
86,QUNI,0.0
87,ACRU,0.0
87,LIST,0.0
87,OTHER,0.0
87,PIEL,0.0
87,PIPA,0.975
87,PITA,0.0125
87,QUGE,0.0
87,QULA,0.0
87,QUNI,0.0125
90,ACRU,0.0
90,LIST,0.0
90,OTHER,0.25
90,PIEL,0.0
90,PIPA,0.05
90,PITA,0.0
90,QUGE,0.05
90,QULA,0.65
90,QUNI,0.0
92,ACRU,0.0
92,LIST,0.025
92,OTHER,0.1
92,PIEL,0.0
92,PIPA,0.05
92,PITA,0.025
92,QUGE,0.025
92,QULA,0.7749999999999999
92,QUNI,0.0
94,ACRU,0.0
94,LIST,0.0
94,OTHER,0.025
94,PIEL,0.05
94,PIPA,0.35
94,PITA,0.0
94,QUGE,0.05
94,QULA,0.525
94,QUNI,0.0
95,ACRU,0.0
95,LIST,0.0
95,OTHER,0.11428571428571428
95,PIEL,0.028571428571428574
95,PIPA,0.557142857142857
95,PITA,0.028571428571428574
95,QUGE,0.028571428571428574
95,QULA,0.1857142857142857
95,QUNI,0.05714285714285715
96,ACRU,0.0
96,LIST,0.0
96,OTHER,0.03333333333333333
96,PIEL,0.06666666666666667
96,PIPA,0.8000000000000002
96,PITA,0.03333333333333333
96,QUGE,0.0
96,QULA,0.06666666666666667
96,QUNI,0.0
97,ACRU,0.025
97,LIST,0.0
97,OTHER,0.0
97,PIEL,0.05
97,PIPA,0.925
97,PITA,0.0
97,QUGE,0.0
97,QULA,0.0
97,QUNI,0.0
98,ACRU,0.03636363636363637
98,LIST,0.0
98,OTHER,0.018181818181818184
98,PIEL,0.03636363636363637
98,PIPA,0.8000000000000003
98,PITA,0.02727272727272728
98,QUGE,0.02727272727272728
98,QULA,0.045454545454545456
98,QUNI,0.009090909090909092
99,ACRU,0.0
99,LIST,0.0
99,OTHER,0.0
99,PIEL,0.009090909090909092
99,PIPA,0.9363636363636364
99,PITA,0.0
99,QUGE,0.009090909090909092
99,QULA,0.045454545454545456
99,QUNI,0.0
100,ACRU,0.0
100,LIST,0.0
100,OTHER,0.0
100,PIEL,0.0
100,PIPA,1.0
100,PITA,0.0
100,QUGE,0.0
100,QULA,0.0
100,QUNI,0.0
109,ACRU,0.0
109,LIST,0.0
109,OTHER,0.0
109,PIEL,0.0
109,PIPA,0.8
109,PITA,0.2
109,QUGE,0.0
109,QULA,0.0
109,QUNI,0.0
110,ACRU,0.0
110,LIST,0.0
110,OTHER,0.0
110,PIEL,0.05000000000000001
110,PIPA,0.7666666666666667
110,PITA,0.0
110,QUGE,0.03333333333333333
110,QULA,0.11666666666666668
110,QUNI,0.03333333333333333
111,ACRU,0.0
111,LIST,0.0
111,OTHER,0.0
111,PIEL,0.0
111,PIPA,0.9714285714285715
111,PITA,0.0
111,QUGE,0.028571428571428574
111,QULA,0.0
111,QUNI,0.0
114,ACRU,0.0
114,LIST,0.0
114,OTHER,0.0
114,PIEL,0.07500000000000001
114,PIPA,0.7999999999999999
114,PITA,0.1
114,QUGE,0.0
114,QULA,0.025
114,QUNI,0.0
115,ACRU,0.0
115,LIST,0.014285714285714287
115,OTHER,0.0
115,PIEL,0.014285714285714287
115,PIPA,0.9428571428571428
115,PITA,0.0
115,QUGE,0.0
115,QULA,0.014285714285714287
115,QUNI,0.014285714285714287
119,ACRU,0.0
119,LIST,0.0
119,OTHER,0.02
119,PIEL,0.0
119,PIPA,0.18
119,PITA,0.08
119,QUGE,0.08
119,QULA,0.62
119,QUNI,0.02
121,ACRU,0.0
121,LIST,0.0
121,OTHER,0.0
121,PIEL,0.05
121,PIPA,0.8500000000000001
121,PITA,0.0
121,QUGE,0.05
121,QULA,0.05
121,QUNI,0.0
123,ACRU,0.0
123,LIST,0.0
123,OTHER,0.0
123,PIEL,0.0
123,PIPA,0.6
123,PITA,0.0
123,QUGE,0.10000000000000002
123,QULA,0.3
123,QUNI,0.0
124,ACRU,0.025
124,LIST,0.0
124,OTHER,0.025
124,PIEL,0.0
124,PIPA,0.125
124,PITA,0.025
124,QUGE,0.025
124,QULA,0.775
124,QUNI,0.0
133,ACRU,0.0
133,LIST,0.0
133,OTHER,0.014814814814814815
133,PIEL,0.2444444444444444
133,PIPA,0.5370370370370372
133,PITA,0.06666666666666667
133,QUGE,0.022222222222222223
133,QULA,0.1
133,QUNI,0.014814814814814815
134,ACRU,0.0
134,LIST,0.0
134,OTHER,0.0
134,PIEL,0.0
134,PIPA,0.9199999999999999
134,PITA,0.0
134,QUGE,0.02
134,QULA,0.06000000000000001
134,QUNI,0.0
135,ACRU,0.0
135,LIST,0.0
135,OTHER,0.0
135,PIEL,0.0
135,PIPA,0.9249999999999999
135,PITA,0.025
135,QUGE,0.025
135,QULA,0.025
135,QUNI,0.0
136,ACRU,0.0
136,LIST,0.0
136,OTHER,0.0
136,PIEL,0.0
136,PIPA,0.9666666666666667
136,PITA,0.0
136,QUGE,0.0
136,QULA,0.016666666666666666
136,QUNI,0.016666666666666666
139,ACRU,0.0
139,LIST,0.0
139,OTHER,0.0
139,PIEL,0.3333333333333333
139,PIPA,0.26666666666666666
139,PITA,0.13333333333333333
139,QUGE,0.10000000000000002
139,QULA,0.16666666666666666
139,QUNI,0.0
140,ACRU,0.016666666666666666
140,LIST,0.0
140,OTHER,0.16666666666666666
140,PIEL,0.03333333333333333
140,PIPA,0.05000000000000001
140,PITA,0.016666666666666666
140,QUGE,0.05000000000000001
140,QULA,0.6666666666666666
140,QUNI,0.0
141,ACRU,0.0
141,LIST,0.0
141,OTHER,0.2
141,PIEL,0.0
141,PIPA,0.4
141,PITA,0.0
141,QUGE,0.0
141,QULA,0.4
141,QUNI,0.0
142,ACRU,0.0
142,LIST,0.0
142,OTHER,0.13333333333333333
142,PIEL,0.06666666666666667
142,PIPA,0.5333333333333333
142,PITA,0.03333333333333333
142,QUGE,0.03333333333333333
142,QULA,0.20000000000000004
142,QUNI,0.0
153,ACRU,0.0
153,LIST,0.0
153,OTHER,0.02
153,PIEL,0.06000000000000001
153,PIPA,0.8400000000000001
153,PITA,0.01
153,QUGE,0.04
153,QULA,0.02
153,QUNI,0.01
155,ACRU,0.0
155,LIST,0.0
155,OTHER,0.0
155,PIEL,0.08571428571428572
155,PIPA,0.4428571428571429
155,PITA,0.38571428571428573
155,QUGE,0.014285714285714287
155,QULA,0.07142857142857142
155,QUNI,0.0
156,ACRU,0.0
156,LIST,0.0
156,OTHER,0.02727272727272728
156,PIEL,0.05454545454545454
156,PIPA,0.8363636363636363
156,PITA,0.045454545454545456
156,QUGE,0.018181818181818184
156,QULA,0.009090909090909092
156,QUNI,0.009090909090909092
157,ACRU,0.25
157,LIST,0.0
157,OTHER,0.0
157,PIEL,0.025
157,PIPA,0.25
157,PITA,0.125
157,QUGE,0.07500000000000001
157,QULA,0.17500000000000002
157,QUNI,0.1
158,ACRU,0.0
158,LIST,0.0
158,OTHER,0.0058823529411764705
158,PIEL,0.017647058823529415
158,PIPA,0.9
158,PITA,0.05294117647058823
158,QUGE,0.017647058823529415
158,QULA,0.0058823529411764705
158,QUNI,0.0
160,ACRU,0.0
160,LIST,0.0
160,OTHER,0.0
160,PIEL,0.0
160,PIPA,0.9
160,PITA,0.0
160,QUGE,0.0
160,QULA,0.1
160,QUNI,0.0
161,ACRU,0.0
161,LIST,0.0
161,OTHER,0.0
161,PIEL,0.025
161,PIPA,0.9
161,PITA,0.0
161,QUGE,0.05
161,QULA,0.025
161,QUNI,0.0
162,ACRU,0.0
162,LIST,0.0
162,OTHER,0.0
162,PIEL,0.0
162,PIPA,1.0
162,PITA,0.0
162,QUGE,0.0
162,QULA,0.0
162,QUNI,0.0
164,ACRU,0.0
164,LIST,0.0
164,OTHER,0.0
164,PIEL,0.0125
164,PIPA,0.0625
164,PITA,0.0
164,QUGE,0.0625
164,QULA,0.8625
164,QUNI,0.0
165,ACRU,0.0
165,LIST,0.0
165,OTHER,0.0
165,PIEL,0.0
165,PIPA,0.6
165,PITA,0.2
165,QUGE,0.1
165,QULA,0.1
165,QUNI,0.0
168,ACRU,0.0
168,LIST,0.0
168,OTHER,0.0
168,PIEL,0.0
168,PIPA,0.9857142857142858
168,PITA,0.014285714285714287
168,QUGE,0.0
168,QULA,0.0
168,QUNI,0.0
169,ACRU,0.0
169,LIST,0.0
169,OTHER,0.0
169,PIEL,0.0
169,PIPA,0.8
169,PITA,0.0
169,QUGE,0.05
169,QULA,0.15000000000000002
169,QUNI,0.0
170,ACRU,0.0
170,LIST,0.0
170,OTHER,0.0
170,PIEL,0.0
170,PIPA,0.975
170,PITA,0.0
170,QUGE,0.0
170,QULA,0.0
170,QUNI,0.025
171,ACRU,0.0
171,LIST,0.0
171,OTHER,0.02
171,PIEL,0.02
171,PIPA,0.08
171,PITA,0.04
171,QUGE,0.02
171,QULA,0.82
171,QUNI,0.0
172,ACRU,0.0
172,LIST,0.0
172,OTHER,0.0
172,PIEL,0.0
172,PIPA,0.9857142857142858
172,PITA,0.0
172,QUGE,0.0
172,QULA,0.014285714285714287
172,QUNI,0.0
173,ACRU,0.0
173,LIST,0.0
173,OTHER,0.0
173,PIEL,0.0
173,PIPA,0.9666666666666667
173,PITA,0.0
173,QUGE,0.0
173,QULA,0.03333333333333333
173,QUNI,0.0
174,ACRU,0.0
174,LIST,0.0
174,OTHER,0.12
174,PIEL,0.02
174,PIPA,0.24000000000000005
174,PITA,0.08
174,QUGE,0.3
174,QULA,0.22000000000000003
174,QUNI,0.02
177,ACRU,0.0
177,LIST,0.0
177,OTHER,0.0
177,PIEL,0.05
177,PIPA,0.86
177,PITA,0.030000000000000006
177,QUGE,0.01
177,QULA,0.05
177,QUNI,0.0
179,ACRU,0.0
179,LIST,0.0
179,OTHER,0.0
179,PIEL,0.025
179,PIPA,0.9
179,PITA,0.025
179,QUGE,0.0
179,QULA,0.05
179,QUNI,0.0
181,ACRU,0.0
181,LIST,0.0
181,OTHER,0.0
181,PIEL,0.0
181,PIPA,0.85
181,PITA,0.05
181,QUGE,0.0
181,QULA,0.0
181,QUNI,0.1
182,ACRU,0.0
182,LIST,0.0
182,OTHER,0.03333333333333333
182,PIEL,0.03333333333333333
182,PIPA,0.7333333333333333
182,PITA,0.03333333333333333
182,QUGE,0.06666666666666667
182,QULA,0.06666666666666667
182,QUNI,0.03333333333333333
183,ACRU,0.0
183,LIST,0.0
183,OTHER,0.06666666666666667
183,PIEL,0.0
183,PIPA,0.6
183,PITA,0.03333333333333333
183,QUGE,0.06666666666666667
183,QULA,0.23333333333333336
183,QUNI,0.0
184,ACRU,0.0
184,LIST,0.0
184,OTHER,0.1
184,PIEL,0.0
184,PIPA,0.6
184,PITA,0.1
184,QUGE,0.0
184,QULA,0.2
184,QUNI,0.0
187,ACRU,0.0
187,LIST,0.0
187,OTHER,0.0
187,PIEL,0.0
187,PIPA,0.95
187,PITA,0.0
187,QUGE,0.0
187,QULA,0.05
187,QUNI,0.0
188,ACRU,0.0
188,LIST,0.0
188,OTHER,0.0
188,PIEL,0.0
188,PIPA,0.985
188,PITA,0.01
188,QUGE,0.005
188,QULA,0.0
188,QUNI,0.0
190,ACRU,0.11666666666666665
190,LIST,0.6333333333333333
190,OTHER,0.11666666666666665
190,PIEL,0.016666666666666666
190,PIPA,0.0
190,PITA,0.0
190,QUGE,0.05000000000000001
190,QULA,0.0
190,QUNI,0.06666666666666667
193,ACRU,0.0
193,LIST,0.0
193,OTHER,0.0
193,PIEL,0.0
193,PIPA,0.9333333333333332
193,PITA,0.0
193,QUGE,0.0
193,QULA,0.06666666666666667
193,QUNI,0.0
194,ACRU,0.009090909090909092
194,LIST,0.0
194,OTHER,0.03636363636363637
194,PIEL,0.13636363636363635
194,PIPA,0.17272727272727273
194,PITA,0.3636363636363636
194,QUGE,0.05454545454545456
194,QULA,0.21818181818181823
194,QUNI,0.009090909090909092
199,ACRU,0.0
199,LIST,0.0
199,OTHER,0.0
199,PIEL,0.0
199,PIPA,0.925
199,PITA,0.037500000000000006
199,QUGE,0.0125
199,QULA,0.025
199,QUNI,0.0
203,ACRU,0.0
203,LIST,0.0
203,OTHER,0.2
203,PIEL,0.0
203,PIPA,0.4
203,PITA,0.05
203,QUGE,0.30000000000000004
203,QULA,0.05
203,QUNI,0.0
205,ACRU,0.0
205,LIST,0.0
205,OTHER,0.005
205,PIEL,0.005
205,PIPA,0.9450000000000001
205,PITA,0.0
205,QUGE,0.02
205,QULA,0.025
205,QUNI,0.0
206,ACRU,0.02
206,LIST,0.0
206,OTHER,0.06000000000000001
206,PIEL,0.0
206,PIPA,0.3
206,PITA,0.0
206,QUGE,0.18000000000000002
206,QULA,0.44000000000000006
206,QUNI,0.0
207,ACRU,0.0
207,LIST,0.0
207,OTHER,0.0
207,PIEL,0.0
207,PIPA,0.9800000000000001
207,PITA,0.02
207,QUGE,0.0
207,QULA,0.0
207,QUNI,0.0
208,ACRU,0.0
208,LIST,0.0
208,OTHER,0.05
208,PIEL,0.025
208,PIPA,0.8999999999999999
208,PITA,0.0
208,QUGE,0.0
208,QULA,0.0
208,QUNI,0.025
211,ACRU,0.0
211,LIST,0.0
211,OTHER,0.0
211,PIEL,0.05
211,PIPA,0.8500000000000001
211,PITA,0.05
211,QUGE,0.05
211,QULA,0.0
211,QUNI,0.0
213,ACRU,0.0
213,LIST,0.0
213,OTHER,0.0
213,PIEL,0.0
213,PIPA,0.99
213,PITA,0.01
213,QUGE,0.0
213,QULA,0.0
213,QUNI,0.0
214,ACRU,0.0
214,LIST,0.0
214,OTHER,0.0
214,PIEL,0.0
214,PIPA,1.0
214,PITA,0.0
214,QUGE,0.0
214,QULA,0.0
214,QUNI,0.0
215,ACRU,0.0
215,LIST,0.0
215,OTHER,0.0
215,PIEL,0.5
215,PIPA,0.3
215,PITA,0.09999999999999999
215,QUGE,0.06666666666666667
215,QULA,0.0
215,QUNI,0.03333333333333333
216,ACRU,0.0
216,LIST,0.0
216,OTHER,0.05
216,PIEL,0.0
216,PIPA,0.825
216,PITA,0.025
216,QUGE,0.05
216,QULA,0.05
216,QUNI,0.0
221,ACRU,0.0
221,LIST,0.0
221,OTHER,0.0
221,PIEL,0.0
221,PIPA,0.95
221,PITA,0.0
221,QUGE,0.05
221,QULA,0.0
221,QUNI,0.0
225,ACRU,0.05714285714285715
225,LIST,0.18571428571428575
225,OTHER,0.08571428571428573
225,PIEL,0.05714285714285715
225,PIPA,0.0
225,PITA,0.0
225,QUGE,0.08571428571428573
225,QULA,0.0
225,QUNI,0.5285714285714286
228,ACRU,0.0
228,LIST,0.0
228,OTHER,0.0
228,PIEL,0.0
228,PIPA,1.0
228,PITA,0.0
228,QUGE,0.0
228,QULA,0.0
228,QUNI,0.0
229,ACRU,0.0
229,LIST,0.0
229,OTHER,0.0
229,PIEL,0.03333333333333333
229,PIPA,0.8666666666666667
229,PITA,0.03333333333333333
229,QUGE,0.0
229,QULA,0.0
229,QUNI,0.06666666666666667
231,ACRU,0.0
231,LIST,0.0
231,OTHER,0.0
231,PIEL,0.0
231,PIPA,0.93
231,PITA,0.02
231,QUGE,0.0
231,QULA,0.05
231,QUNI,0.0
232,ACRU,0.07857142857142858
232,LIST,0.20714285714285713
232,OTHER,0.45000000000000007
232,PIEL,0.0
232,PIPA,0.0
232,PITA,0.0071428571428571435
232,QUGE,0.14285714285714285
232,QULA,0.0071428571428571435
232,QUNI,0.10714285714285718
233,ACRU,0.0
233,LIST,0.0
233,OTHER,0.0
233,PIEL,0.0
233,PIPA,0.95
233,PITA,0.0
233,QUGE,0.0
233,QULA,0.05
233,QUNI,0.0
234,ACRU,0.0
234,LIST,0.0
234,OTHER,0.0
234,PIEL,0.0
234,PIPA,0.9
234,PITA,0.0
234,QUGE,0.0
234,QULA,0.05
234,QUNI,0.05
235,ACRU,0.7500000000000001
235,LIST,0.1
235,OTHER,0.06428571428571428
235,PIEL,0.0
235,PIPA,0.0
235,PITA,0.0071428571428571435
235,QUGE,0.02142857142857143
235,QULA,0.0071428571428571435
235,QUNI,0.049999999999999996
237,ACRU,0.2666666666666667
237,LIST,0.011111111111111112
237,OTHER,0.044444444444444446
237,PIEL,0.011111111111111112
237,PIPA,0.19999999999999998
237,PITA,0.03333333333333333
237,QUGE,0.011111111111111112
237,QULA,0.1
237,QUNI,0.3222222222222222
241,ACRU,0.0
241,LIST,0.0
241,OTHER,0.0
241,PIEL,0.0
241,PIPA,0.8999999999999999
241,PITA,0.0
241,QUGE,0.07500000000000001
241,QULA,0.0
241,QUNI,0.025
242,ACRU,0.0
242,LIST,0.0
242,OTHER,0.0
242,PIEL,0.0
242,PIPA,0.9428571428571428
242,PITA,0.028571428571428574
242,QUGE,0.0
242,QULA,0.028571428571428574
242,QUNI,0.0
245,ACRU,0.05
245,LIST,0.0
245,OTHER,0.0
245,PIEL,0.0
245,PIPA,0.35
245,PITA,0.05
245,QUGE,0.05
245,QULA,0.5
245,QUNI,0.0
251,ACRU,0.1
251,LIST,0.0
251,OTHER,0.0
251,PIEL,0.0
251,PIPA,0.7
251,PITA,0.15
251,QUGE,0.05
251,QULA,0.0
251,QUNI,0.0
252,ACRU,0.0
252,LIST,0.0
252,OTHER,0.0
252,PIEL,0.0
252,PIPA,1.0
252,PITA,0.0
252,QUGE,0.0
252,QULA,0.0
252,QUNI,0.0
253,ACRU,0.0
253,LIST,0.0
253,OTHER,0.0
253,PIEL,0.0
253,PIPA,0.9
253,PITA,0.1
253,QUGE,0.0
253,QULA,0.0
253,QUNI,0.0
254,ACRU,0.0
254,LIST,0.0
254,OTHER,0.0
254,PIEL,0.1
254,PIPA,0.7
254,PITA,0.1
254,QUGE,0.1
254,QULA,0.0
254,QUNI,0.0
256,ACRU,0.0
256,LIST,0.0
256,OTHER,0.0
256,PIEL,0.03333333333333333
256,PIPA,0.3
256,PITA,0.06666666666666667
256,QUGE,0.03333333333333333
256,QULA,0.5666666666666667
256,QUNI,0.0
258,ACRU,0.0
258,LIST,0.0
258,OTHER,0.0
258,PIEL,0.05
258,PIPA,0.0
258,PITA,0.8
258,QUGE,0.0
258,QULA,0.15
258,QUNI,0.0
262,ACRU,0.0
262,LIST,0.0
262,OTHER,0.0
262,PIEL,0.0
262,PIPA,0.4600000000000001
262,PITA,0.06000000000000001
262,QUGE,0.08
262,QULA,0.36
262,QUNI,0.04
263,ACRU,0.0
263,LIST,0.0
263,OTHER,0.0
263,PIEL,0.0
263,PIPA,0.8
263,PITA,0.0
263,QUGE,0.0
263,QULA,0.2
263,QUNI,0.0
265,ACRU,0.015384615384615385
265,LIST,0.0
265,OTHER,0.02307692307692308
265,PIEL,0.015384615384615385
265,PIPA,0.23076923076923078
265,PITA,0.0
265,QUGE,0.06153846153846154
265,QULA,0.6384615384615385
265,QUNI,0.015384615384615385
266,ACRU,0.018918918918918916
266,LIST,0.05945945945945946
266,OTHER,0.05945945945945948
266,PIEL,0.008108108108108109
266,PIPA,0.010810810810810811
266,PITA,0.0
266,QUGE,0.7999999999999999
266,QULA,0.013513513513513514
266,QUNI,0.029729729729729724
268,ACRU,0.05
268,LIST,0.05
268,OTHER,0.1
268,PIEL,0.05
268,PIPA,0.35
268,PITA,0.15
268,QUGE,0.05
268,QULA,0.2
268,QUNI,0.0
270,ACRU,0.028571428571428574
270,LIST,0.0
270,OTHER,0.0
270,PIEL,0.028571428571428574
270,PIPA,0.7285714285714285
270,PITA,0.07142857142857142
270,QUGE,0.0
270,QULA,0.14285714285714285
270,QUNI,0.0
271,ACRU,0.0
271,LIST,0.0
271,OTHER,0.0
271,PIEL,0.1
271,PIPA,0.9
271,PITA,0.0
271,QUGE,0.0
271,QULA,0.0
271,QUNI,0.0
272,ACRU,0.0
272,LIST,0.0
272,OTHER,0.0
272,PIEL,0.02
272,PIPA,0.74
272,PITA,0.02
272,QUGE,0.02
272,QULA,0.13999999999999999
272,QUNI,0.06000000000000001
274,ACRU,0.0
274,LIST,0.0
274,OTHER,0.0
274,PIEL,0.0
274,PIPA,0.8500000000000001
274,PITA,0.05
274,QUGE,0.0
274,QULA,0.05
274,QUNI,0.05
276,ACRU,0.0
276,LIST,0.0
276,OTHER,0.03333333333333333
276,PIEL,0.0
276,PIPA,0.8333333333333334
276,PITA,0.03333333333333333
276,QUGE,0.06666666666666667
276,QULA,0.0
276,QUNI,0.03333333333333333
279,ACRU,0.0
279,LIST,0.0
279,OTHER,0.0
279,PIEL,0.05000000000000001
279,PIPA,0.7000000000000001
279,PITA,0.05000000000000001
279,QUGE,0.03333333333333333
279,QULA,0.16666666666666666
279,QUNI,0.0
280,ACRU,0.0
280,LIST,0.0
280,OTHER,0.0
280,PIEL,0.0
280,PIPA,0.9555555555555555
280,PITA,0.0
280,QUGE,0.022222222222222223
280,QULA,0.022222222222222223
280,QUNI,0.0
281,ACRU,0.025000000000000005
281,LIST,0.0
281,OTHER,0.09166666666666666
281,PIEL,0.03333333333333333
281,PIPA,0.075
281,PITA,0.024999999999999998
281,QUGE,0.016666666666666666
281,QULA,0.725
281,QUNI,0.008333333333333333
283,ACRU,0.0
283,LIST,0.0
283,OTHER,0.0
283,PIEL,0.0
283,PIPA,0.9777777777777779
283,PITA,0.005555555555555556
283,QUGE,0.005555555555555556
283,QULA,0.011111111111111112
283,QUNI,0.0
287,ACRU,0.0
287,LIST,0.0
287,OTHER,0.025
287,PIEL,0.0
287,PIPA,0.95
287,PITA,0.0
287,QUGE,0.0
287,QULA,0.025
287,QUNI,0.0
288,ACRU,0.0
288,LIST,0.0
288,OTHER,0.0
288,PIEL,0.0
288,PIPA,0.5
288,PITA,0.0
288,QUGE,0.1
288,QULA,0.4
288,QUNI,0.0
291,ACRU,0.0
291,LIST,0.0
291,OTHER,0.0
291,PIEL,0.007692307692307693
291,PIPA,0.9769230769230769
291,PITA,0.0
291,QUGE,0.007692307692307693
291,QULA,0.007692307692307693
291,QUNI,0.0
292,ACRU,0.0
292,LIST,0.0
292,OTHER,0.0
292,PIEL,0.0
292,PIPA,0.99375
292,PITA,0.00625
292,QUGE,0.0
292,QULA,0.0
292,QUNI,0.0
293,ACRU,0.0
293,LIST,0.0
293,OTHER,0.0
293,PIEL,0.009090909090909092
293,PIPA,0.9636363636363637
293,PITA,0.0
293,QUGE,0.02727272727272728
293,QULA,0.0
293,QUNI,0.0
295,ACRU,0.0
295,LIST,0.0
295,OTHER,0.016666666666666666
295,PIEL,0.041666666666666664
295,PIPA,0.3666666666666667
295,PITA,0.06666666666666667
295,QUGE,0.06666666666666667
295,QULA,0.4333333333333334
295,QUNI,0.008333333333333333
297,ACRU,0.0
297,LIST,0.0
297,OTHER,0.0
297,PIEL,0.025
297,PIPA,0.5
297,PITA,0.45
297,QUGE,0.0
297,QULA,0.025
297,QUNI,0.0
298,ACRU,0.0
298,LIST,0.0
298,OTHER,0.011111111111111112
298,PIEL,0.0
298,PIPA,0.9444444444444444
298,PITA,0.011111111111111112
298,QUGE,0.011111111111111112
298,QULA,0.022222222222222223
298,QUNI,0.0
302,ACRU,0.0
302,LIST,0.0
302,OTHER,0.016666666666666666
302,PIEL,0.016666666666666666
302,PIPA,0.03333333333333333
302,PITA,0.0
302,QUGE,0.16666666666666666
302,QULA,0.7666666666666666
302,QUNI,0.0
303,ACRU,0.0
303,LIST,0.0
303,OTHER,0.0
303,PIEL,0.025
303,PIPA,0.9249999999999999
303,PITA,0.025
303,QUGE,0.025
303,QULA,0.0
303,QUNI,0.0
304,ACRU,0.0
304,LIST,0.0
304,OTHER,0.028571428571428574
304,PIEL,0.014285714285714287
304,PIPA,0.6142857142857144
304,PITA,0.014285714285714287
304,QUGE,0.05714285714285715
304,QULA,0.2285714285714286
304,QUNI,0.042857142857142864
305,ACRU,0.03333333333333333
305,LIST,0.0
305,OTHER,0.13333333333333333
305,PIEL,0.0
305,PIPA,0.13333333333333333
305,PITA,0.0
305,QUGE,0.19999999999999998
305,QULA,0.5000000000000001
305,QUNI,0.0
306,ACRU,0.0
306,LIST,0.0
306,OTHER,0.0
306,PIEL,0.05
306,PIPA,0.925
306,PITA,0.0
306,QUGE,0.0
306,QULA,0.025
306,QUNI,0.0
313,ACRU,0.0
313,LIST,0.0
313,OTHER,0.016666666666666666
313,PIEL,0.05000000000000001
313,PIPA,0.16666666666666666
313,PITA,0.18333333333333335
313,QUGE,0.15
313,QULA,0.43333333333333335
313,QUNI,0.0
315,ACRU,0.0
315,LIST,0.0
315,OTHER,0.0
315,PIEL,0.13333333333333333
315,PIPA,0.5
315,PITA,0.06666666666666667
315,QUGE,0.0
315,QULA,0.3
315,QUNI,0.0
316,ACRU,0.0
316,LIST,0.0
316,OTHER,0.05
316,PIEL,0.0
316,PIPA,0.9
316,PITA,0.0
316,QUGE,0.05
316,QULA,0.0
316,QUNI,0.0
318,ACRU,0.0
318,LIST,0.0
318,OTHER,0.0
318,PIEL,0.0
318,PIPA,0.9
318,PITA,0.0
318,QUGE,0.06666666666666667
318,QULA,0.03333333333333333
318,QUNI,0.0
321,ACRU,0.0
321,LIST,0.0
321,OTHER,0.02
321,PIEL,0.06000000000000001
321,PIPA,0.5799999999999998
321,PITA,0.08
321,QUGE,0.08
321,QULA,0.14
321,QUNI,0.04
324,ACRU,0.0
324,LIST,0.0
324,OTHER,0.0
324,PIEL,0.0
324,PIPA,0.8800000000000001
324,PITA,0.04
324,QUGE,0.02
324,QULA,0.06
324,QUNI,0.0
335,ACRU,0.0
335,LIST,0.0
335,OTHER,0.0
335,PIEL,0.0
335,PIPA,1.0
335,PITA,0.0
335,QUGE,0.0
335,QULA,0.0
335,QUNI,0.0
338,ACRU,0.0
338,LIST,0.0
338,OTHER,0.02307692307692308
338,PIEL,0.007692307692307693
338,PIPA,0.9230769230769231
338,PITA,0.015384615384615385
338,QUGE,0.007692307692307693
338,QULA,0.02307692307692308
338,QUNI,0.0
339,ACRU,0.0
339,LIST,0.0
339,OTHER,0.06000000000000001
339,PIEL,0.02
339,PIPA,0.5
339,PITA,0.02
339,QUGE,0.06000000000000001
339,QULA,0.34
339,QUNI,0.0
340,ACRU,0.014285714285714287
340,LIST,0.014285714285714287
340,OTHER,0.15714285714285717
340,PIEL,0.014285714285714287
340,PIPA,0.042857142857142864
340,PITA,0.028571428571428574
340,QUGE,0.0
340,QULA,0.7142857142857143
340,QUNI,0.014285714285714287
342,ACRU,0.0
342,LIST,0.0
342,OTHER,0.0
342,PIEL,0.0
342,PIPA,0.7000000000000001
342,PITA,0.0
342,QUGE,0.06666666666666667
342,QULA,0.2333333333333333
342,QUNI,0.0
348,ACRU,0.0
348,LIST,0.0
348,OTHER,0.0
348,PIEL,0.0
348,PIPA,0.9428571428571428
348,PITA,0.0
348,QUGE,0.014285714285714287
348,QULA,0.042857142857142864
348,QUNI,0.0
351,ACRU,0.0
351,LIST,0.0
351,OTHER,0.0
351,PIEL,0.0
351,PIPA,0.9
351,PITA,0.0
351,QUGE,0.03333333333333333
351,QULA,0.03333333333333333
351,QUNI,0.03333333333333333
352,ACRU,0.0
352,LIST,0.0
352,OTHER,0.0
352,PIEL,0.0
352,PIPA,0.9
352,PITA,0.0
352,QUGE,0.06000000000000001
352,QULA,0.02
352,QUNI,0.02
354,ACRU,0.0
354,LIST,0.0
354,OTHER,0.025
354,PIEL,0.07500000000000001
354,PIPA,0.825
354,PITA,0.0
354,QUGE,0.05
354,QULA,0.025
354,QUNI,0.0
357,ACRU,0.0
357,LIST,0.0
357,OTHER,0.0
357,PIEL,0.0
357,PIPA,0.95
357,PITA,0.0
357,QUGE,0.0
357,QULA,0.05
357,QUNI,0.0
361,ACRU,0.0
361,LIST,0.0
361,OTHER,0.0
361,PIEL,0.016666666666666666
361,PIPA,0.8833333333333333
361,PITA,0.016666666666666666
361,QUGE,0.0
361,QULA,0.08333333333333333
361,QUNI,0.0
363,ACRU,0.0
363,LIST,0.0
363,OTHER,0.0
363,PIEL,0.0
363,PIPA,1.0
363,PITA,0.0
363,QUGE,0.0
363,QULA,0.0
363,QUNI,0.0
365,ACRU,0.1
365,LIST,0.0
365,OTHER,0.0
365,PIEL,0.05
365,PIPA,0.1
365,PITA,0.05
365,QUGE,0.15000000000000002
365,QULA,0.55
365,QUNI,0.0
366,ACRU,0.0
366,LIST,0.0
366,OTHER,0.016666666666666666
366,PIEL,0.08333333333333333
366,PIPA,0.75
366,PITA,0.0
366,QUGE,0.11666666666666665
366,QULA,0.016666666666666666
366,QUNI,0.016666666666666666
367,ACRU,0.0
367,LIST,0.0
367,OTHER,0.03333333333333333
367,PIEL,0.09999999999999999
367,PIPA,0.36666666666666664
367,PITA,0.03333333333333333
367,QUGE,0.06666666666666667
367,QULA,0.39999999999999997
367,QUNI,0.0
368,ACRU,0.0
368,LIST,0.0
368,OTHER,0.1
368,PIEL,0.0
368,PIPA,0.1
368,PITA,0.0
368,QUGE,0.0
368,QULA,0.8
368,QUNI,0.0
369,ACRU,0.0
369,LIST,0.0
369,OTHER,0.0
369,PIEL,0.20000000000000004
369,PIPA,0.6999999999999998
369,PITA,0.03333333333333333
369,QUGE,0.03333333333333333
369,QULA,0.03333333333333333
369,QUNI,0.0
373,ACRU,0.07692307692307693
373,LIST,0.6692307692307693
373,OTHER,0.061538461538461535
373,PIEL,0.007692307692307693
373,PIPA,0.007692307692307693
373,PITA,0.007692307692307693
373,QUGE,0.03076923076923077
373,QULA,0.05384615384615385
373,QUNI,0.08461538461538462
375,ACRU,0.0
375,LIST,0.0
375,OTHER,0.0
375,PIEL,0.0
375,PIPA,0.9642857142857143
375,PITA,0.0
375,QUGE,0.014285714285714287
375,QULA,0.021428571428571432
375,QUNI,0.0
377,ACRU,0.0
377,LIST,0.0
377,OTHER,0.0
377,PIEL,0.0
377,PIPA,1.0
377,PITA,0.0
377,QUGE,0.0
377,QULA,0.0
377,QUNI,0.0
378,ACRU,0.1
378,LIST,0.0
378,OTHER,0.4
378,PIEL,0.0
378,PIPA,0.1
378,PITA,0.1
378,QUGE,0.0
378,QULA,0.2
378,QUNI,0.1
379,ACRU,0.0
379,LIST,0.0
379,OTHER,0.014285714285714287
379,PIEL,0.014285714285714287
379,PIPA,0.7999999999999999
379,PITA,0.028571428571428574
379,QUGE,0.08571428571428573
379,QULA,0.042857142857142864
379,QUNI,0.014285714285714287
382,ACRU,0.0
382,LIST,0.004347826086956522
382,OTHER,0.034782608695652174
382,PIEL,0.017391304347826087
382,PIPA,0.17826086956521742
382,PITA,0.008695652173913044
382,QUGE,0.5260869565217391
382,QULA,0.22608695652173913
382,QUNI,0.004347826086956522
384,ACRU,0.1
384,LIST,0.0
384,OTHER,0.05
384,PIEL,0.0
384,PIPA,0.15000000000000002
384,PITA,0.05
384,QUGE,0.05
384,QULA,0.6
384,QUNI,0.0
387,ACRU,0.0
387,LIST,0.0
387,OTHER,0.0
387,PIEL,0.0
387,PIPA,0.8
387,PITA,0.2
387,QUGE,0.0
387,QULA,0.0
387,QUNI,0.0
388,ACRU,0.0
388,LIST,0.025
388,OTHER,0.125
388,PIEL,0.025
388,PIPA,0.07500000000000001
388,PITA,0.07500000000000001
388,QUGE,0.025
388,QULA,0.625
388,QUNI,0.025
390,ACRU,0.0
390,LIST,0.0
390,OTHER,0.0
390,PIEL,0.1
390,PIPA,0.9
390,PITA,0.0
390,QUGE,0.0
390,QULA,0.0
390,QUNI,0.0
391,ACRU,0.0
391,LIST,0.0
391,OTHER,0.0
391,PIEL,0.26666666666666666
391,PIPA,0.5
391,PITA,0.03333333333333333
391,QUGE,0.10000000000000002
391,QULA,0.10000000000000002
391,QUNI,0.0
392,ACRU,0.0
392,LIST,0.0
392,OTHER,0.1
392,PIEL,0.05
392,PIPA,0.6499999999999999
392,PITA,0.0
392,QUGE,0.05
392,QULA,0.1
392,QUNI,0.05
393,ACRU,0.0
393,LIST,0.0
393,OTHER,0.0
393,PIEL,0.0
393,PIPA,0.35
393,PITA,0.1
393,QUGE,0.0
393,QULA,0.55
393,QUNI,0.0
394,ACRU,0.0
394,LIST,0.0
394,OTHER,0.0
394,PIEL,0.03333333333333333
394,PIPA,0.9333333333333332
394,PITA,0.0
394,QUGE,0.0
394,QULA,0.03333333333333333
394,QUNI,0.0
395,ACRU,0.0
395,LIST,0.0
395,OTHER,0.0
395,PIEL,0.05000000000000001
395,PIPA,0.7000000000000001
395,PITA,0.16666666666666666
395,QUGE,0.016666666666666666
395,QULA,0.06666666666666667
395,QUNI,0.0
397,ACRU,0.0
397,LIST,0.0
397,OTHER,0.0
397,PIEL,0.03333333333333333
397,PIPA,0.9
397,PITA,0.0
397,QUGE,0.03333333333333333
397,QULA,0.03333333333333333
397,QUNI,0.0
398,ACRU,0.0
398,LIST,0.004545454545454546
398,OTHER,0.004545454545454546
398,PIEL,0.022727272727272728
398,PIPA,0.9272727272727272
398,PITA,0.018181818181818184
398,QUGE,0.01363636363636364
398,QULA,0.009090909090909092
398,QUNI,0.0
399,ACRU,0.0
399,LIST,0.0
399,OTHER,0.0
399,PIEL,0.0
399,PIPA,1.0
399,PITA,0.0
399,QUGE,0.0
399,QULA,0.0
399,QUNI,0.0
400,ACRU,0.0
400,LIST,0.025
400,OTHER,0.0
400,PIEL,0.2
400,PIPA,0.7124999999999999
400,PITA,0.0625
400,QUGE,0.0
400,QULA,0.0
400,QUNI,0.0
401,ACRU,0.06923076923076923
401,LIST,0.4923076923076923
401,OTHER,0.3153846153846154
401,PIEL,0.03076923076923077
401,PIPA,0.015384615384615385
401,PITA,0.0
401,QUGE,0.04615384615384615
401,QULA,0.0
401,QUNI,0.03076923076923077
402,ACRU,0.025
402,LIST,0.0
402,OTHER,0.025
402,PIEL,0.0
402,PIPA,0.825
402,PITA,0.07500000000000001
402,QUGE,0.0
402,QULA,0.05
402,QUNI,0.0
403,ACRU,0.0
403,LIST,0.0
403,OTHER,0.0
403,PIEL,0.0
403,PIPA,0.96
403,PITA,0.02
403,QUGE,0.0
403,QULA,0.02
403,QUNI,0.0
404,ACRU,0.03333333333333333
404,LIST,0.0
404,OTHER,0.06666666666666667
404,PIEL,0.13333333333333333
404,PIPA,0.6666666666666666
404,PITA,0.0
404,QUGE,0.03333333333333333
404,QULA,0.06666666666666667
404,QUNI,0.0
405,ACRU,0.0
405,LIST,0.0
405,OTHER,0.0
405,PIEL,0.0
405,PIPA,0.89
405,PITA,0.0
405,QUGE,0.030000000000000006
405,QULA,0.06999999999999999
405,QUNI,0.01
407,ACRU,0.04
407,LIST,0.0
407,OTHER,0.02
407,PIEL,0.04
407,PIPA,0.74
407,PITA,0.0
407,QUGE,0.04
407,QULA,0.1
407,QUNI,0.02
410,ACRU,0.06666666666666667
410,LIST,0.13333333333333333
410,OTHER,0.13333333333333333
410,PIEL,0.16666666666666666
410,PIPA,0.0
410,PITA,0.0
410,QUGE,0.13333333333333333
410,QULA,0.06666666666666667
410,QUNI,0.3
414,ACRU,0.0
414,LIST,0.0
414,OTHER,0.0
414,PIEL,0.0
414,PIPA,1.0
414,PITA,0.0
414,QUGE,0.0
414,QULA,0.0
414,QUNI,0.0
415,ACRU,0.0
415,LIST,0.0
415,OTHER,0.0
415,PIEL,0.0
415,PIPA,0.915
415,PITA,0.01
415,QUGE,0.045
415,QULA,0.03
415,QUNI,0.0
416,ACRU,0.0
416,LIST,0.0
416,OTHER,0.15000000000000002
416,PIEL,0.0
416,PIPA,0.0
416,PITA,0.0
416,QUGE,0.0
416,QULA,0.8
416,QUNI,0.05
417,ACRU,0.0
417,LIST,0.0
417,OTHER,0.0
417,PIEL,0.0
417,PIPA,0.85
417,PITA,0.05
417,QUGE,0.05
417,QULA,0.05
417,QUNI,0.0
419,ACRU,0.0
419,LIST,0.0
419,OTHER,0.0
419,PIEL,0.0
419,PIPA,1.0
419,PITA,0.0
419,QUGE,0.0
419,QULA,0.0
419,QUNI,0.0
420,ACRU,0.0
420,LIST,0.0
420,OTHER,0.0
420,PIEL,0.0
420,PIPA,1.0
420,PITA,0.0
420,QUGE,0.0
420,QULA,0.0
420,QUNI,0.0
423,ACRU,0.03333333333333334
423,LIST,0.0
423,OTHER,0.0
423,PIEL,0.044444444444444446
423,PIPA,0.18888888888888888
423,PITA,0.6555555555555556
423,QUGE,0.011111111111111112
423,QULA,0.06666666666666668
423,QUNI,0.0
424,ACRU,0.0
424,LIST,0.0
424,OTHER,0.1
424,PIEL,0.0
424,PIPA,0.6
424,PITA,0.2
424,QUGE,0.0
424,QULA,0.1
424,QUNI,0.0
426,ACRU,0.0
426,LIST,0.0
426,OTHER,0.0
426,PIEL,0.0
426,PIPA,0.0
426,PITA,0.0
426,QUGE,0.0
426,QULA,1.0
426,QUNI,0.0
427,ACRU,0.0
427,LIST,0.0
427,OTHER,0.0
427,PIEL,0.0
427,PIPA,1.0
427,PITA,0.0
427,QUGE,0.0
427,QULA,0.0
427,QUNI,0.0
430,ACRU,0.0
430,LIST,0.0
430,OTHER,0.0
430,PIEL,0.10000000000000002
430,PIPA,0.7000000000000001
430,PITA,0.06666666666666667
430,QUGE,0.0
430,QULA,0.13333333333333333
430,QUNI,0.0
431,ACRU,0.0
431,LIST,0.0
431,OTHER,0.0
431,PIEL,0.0
431,PIPA,0.4
431,PITA,0.0
431,QUGE,0.5
431,QULA,0.1
431,QUNI,0.0
432,ACRU,0.0
432,LIST,0.016666666666666666
432,OTHER,0.09999999999999999
432,PIEL,0.0
432,PIPA,0.06666666666666667
432,PITA,0.016666666666666666
432,QUGE,0.016666666666666666
432,QULA,0.7833333333333332
432,QUNI,0.0
435,ACRU,0.0
435,LIST,0.0
435,OTHER,0.04
435,PIEL,0.0
435,PIPA,0.24000000000000005
435,PITA,0.06000000000000001
435,QUGE,0.02
435,QULA,0.6199999999999999
435,QUNI,0.02
440,ACRU,0.0
440,LIST,0.0
440,OTHER,0.0
440,PIEL,0.0
440,PIPA,0.9666666666666667
440,PITA,0.0
440,QUGE,0.0
440,QULA,0.0
440,QUNI,0.03333333333333333
446,ACRU,0.0
446,LIST,0.0
446,OTHER,0.0
446,PIEL,0.0
446,PIPA,0.9666666666666667
446,PITA,0.0
446,QUGE,0.0
446,QULA,0.03333333333333333
446,QUNI,0.0
448,ACRU,0.0
448,LIST,0.022222222222222223
448,OTHER,0.044444444444444446
448,PIEL,0.05555555555555555
448,PIPA,0.14444444444444446
448,PITA,0.06666666666666667
448,QUGE,0.03333333333333334
448,QULA,0.6333333333333333
448,QUNI,0.0
450,ACRU,0.008333333333333333
450,LIST,0.0
450,OTHER,0.0
450,PIEL,0.0
450,PIPA,0.8999999999999999
450,PITA,0.0
450,QUGE,0.024999999999999998
450,QULA,0.06666666666666668
450,QUNI,0.0
451,ACRU,0.0
451,LIST,0.0
451,OTHER,0.0
451,PIEL,0.014285714285714287
451,PIPA,0.9571428571428572
451,PITA,0.0
451,QUGE,0.0
451,QULA,0.028571428571428574
451,QUNI,0.0
452,ACRU,0.0
452,LIST,0.0
452,OTHER,0.0
452,PIEL,0.0
452,PIPA,1.0
452,PITA,0.0
452,QUGE,0.0
452,QULA,0.0
452,QUNI,0.0
454,ACRU,0.0
454,LIST,0.0
454,OTHER,0.02
454,PIEL,0.04
454,PIPA,0.8400000000000001
454,PITA,0.030000000000000006
454,QUGE,0.02
454,QULA,0.05
454,QUNI,0.0
455,ACRU,0.0
455,LIST,0.0
455,OTHER,0.0
455,PIEL,0.02
455,PIPA,0.9200000000000002
455,PITA,0.0
455,QUGE,0.02
455,QULA,0.04
455,QUNI,0.0
465,ACRU,0.0
465,LIST,0.0
465,OTHER,0.0
465,PIEL,0.0
465,PIPA,0.8400000000000001
465,PITA,0.0
465,QUGE,0.02
465,QULA,0.13999999999999999
465,QUNI,0.0
466,ACRU,0.0
466,LIST,0.0
466,OTHER,0.0
466,PIEL,0.0
466,PIPA,0.9727272727272728
466,PITA,0.009090909090909092
466,QUGE,0.009090909090909092
466,QULA,0.009090909090909092
466,QUNI,0.0
469,ACRU,0.1
469,LIST,0.0
469,OTHER,0.1
469,PIEL,0.0
469,PIPA,0.0
469,PITA,0.0
469,QUGE,0.0
469,QULA,0.0
469,QUNI,0.8
470,ACRU,0.0
470,LIST,0.0
470,OTHER,0.0
470,PIEL,0.0
470,PIPA,1.0
470,PITA,0.0
470,QUGE,0.0
470,QULA,0.0
470,QUNI,0.0
471,ACRU,0.0
471,LIST,0.0
471,OTHER,0.0
471,PIEL,0.0
471,PIPA,1.0
471,PITA,0.0
471,QUGE,0.0
471,QULA,0.0
471,QUNI,0.0
472,ACRU,0.0
472,LIST,0.0
472,OTHER,0.0
472,PIEL,0.03333333333333333
472,PIPA,0.4666666666666666
472,PITA,0.0
472,QUGE,0.03333333333333333
472,QULA,0.39999999999999997
472,QUNI,0.06666666666666667
474,ACRU,0.0
474,LIST,0.0
474,OTHER,0.0
474,PIEL,0.0
474,PIPA,0.925
474,PITA,0.025
474,QUGE,0.05
474,QULA,0.0
474,QUNI,0.0
475,ACRU,0.0
475,LIST,0.0
475,OTHER,0.0
475,PIEL,0.3
475,PIPA,0.1
475,PITA,0.5
475,QUGE,0.0
475,QULA,0.1
475,QUNI,0.0
476,ACRU,0.1571428571428571
476,LIST,0.042857142857142864
476,OTHER,0.09999999999999999
476,PIEL,0.0
476,PIPA,0.0
476,PITA,0.014285714285714287
476,QUGE,0.042857142857142864
476,QULA,0.0
476,QUNI,0.6428571428571429
478,ACRU,0.07500000000000001
478,LIST,0.0
478,OTHER,0.0
478,PIEL,0.0
478,PIPA,0.6000000000000001
478,PITA,0.0
478,QUGE,0.125
478,QULA,0.2
478,QUNI,0.0
479,ACRU,0.0
479,LIST,0.0
479,OTHER,0.03333333333333333
479,PIEL,0.06666666666666667
479,PIPA,0.6666666666666666
479,PITA,0.09999999999999999
479,QUGE,0.03333333333333333
479,QULA,0.10000000000000002
479,QUNI,0.0
480,ACRU,0.0
480,LIST,0.0
480,OTHER,0.0
480,PIEL,0.0
480,PIPA,1.0
480,PITA,0.0
480,QUGE,0.0
480,QULA,0.0
480,QUNI,0.0
482,ACRU,0.3166666666666667
482,LIST,0.2833333333333334
482,OTHER,0.08333333333333333
482,PIEL,0.16666666666666666
482,PIPA,0.0
482,PITA,0.016666666666666666
482,QUGE,0.09999999999999999
482,QULA,0.03333333333333333
482,QUNI,0.0
484,ACRU,0.02
484,LIST,0.0
484,OTHER,0.04
484,PIEL,0.0
484,PIPA,0.04
484,PITA,0.0
484,QUGE,0.04
484,QULA,0.8400000000000001
484,QUNI,0.02
490,ACRU,0.03636363636363637
490,LIST,0.0
490,OTHER,0.6
490,PIEL,0.009090909090909092
490,PIPA,0.045454545454545456
490,PITA,0.009090909090909092
490,QUGE,0.018181818181818184
490,QULA,0.24545454545454548
490,QUNI,0.03636363636363637
492,ACRU,0.0
492,LIST,0.0
492,OTHER,0.0
492,PIEL,0.0
492,PIPA,0.9
492,PITA,0.0
492,QUGE,0.05
492,QULA,0.05
492,QUNI,0.0
493,ACRU,0.0
493,LIST,0.0
493,OTHER,0.0125
493,PIEL,0.0
493,PIPA,0.9375
493,PITA,0.0
493,QUGE,0.025
493,QULA,0.0125
493,QUNI,0.0125
494,ACRU,0.0
494,LIST,0.0
494,OTHER,0.0
494,PIEL,0.03333333333333334
494,PIPA,0.7555555555555555
494,PITA,0.022222222222222223
494,QUGE,0.044444444444444446
494,QULA,0.1111111111111111
494,QUNI,0.03333333333333334
495,ACRU,0.0
495,LIST,0.0
495,OTHER,0.0
495,PIEL,0.0
495,PIPA,0.8444444444444446
495,PITA,0.06666666666666668
495,QUGE,0.022222222222222223
495,QULA,0.06666666666666667
495,QUNI,0.0
496,ACRU,0.0
496,LIST,0.0
496,OTHER,0.0
496,PIEL,0.0
496,PIPA,0.9333333333333332
496,PITA,0.0
496,QUGE,0.0
496,QULA,0.06666666666666667
496,QUNI,0.0
497,ACRU,0.0
497,LIST,0.0
497,OTHER,0.0
497,PIEL,0.0
497,PIPA,0.975
497,PITA,0.0
497,QUGE,0.0
497,QULA,0.025
497,QUNI,0.0
501,ACRU,0.0
501,LIST,0.0
501,OTHER,0.0
501,PIEL,0.0
501,PIPA,0.9333333333333332
501,PITA,0.0
501,QUGE,0.06666666666666667
501,QULA,0.0
501,QUNI,0.0
505,ACRU,0.037500000000000006
505,LIST,0.0
505,OTHER,0.025
505,PIEL,0.6749999999999999
505,PIPA,0.16250000000000003
505,PITA,0.05
505,QUGE,0.05
505,QULA,0.0
505,QUNI,0.0
508,ACRU,0.0
508,LIST,0.0
508,OTHER,0.0
508,PIEL,0.175
508,PIPA,0.15000000000000002
508,PITA,0.525
508,QUGE,0.0
508,QULA,0.15000000000000002
508,QUNI,0.0
512,ACRU,0.0
512,LIST,0.0
512,OTHER,0.0
512,PIEL,0.0
512,PIPA,0.9666666666666667
512,PITA,0.0
512,QUGE,0.0
512,QULA,0.03333333333333333
512,QUNI,0.0
517,ACRU,0.0
517,LIST,0.0
517,OTHER,0.0
517,PIEL,0.0
517,PIPA,1.0
517,PITA,0.0
517,QUGE,0.0
517,QULA,0.0
517,QUNI,0.0
518,ACRU,0.0
518,LIST,0.0
518,OTHER,0.0
518,PIEL,0.0
518,PIPA,0.95
518,PITA,0.0
518,QUGE,0.05
518,QULA,0.0
518,QUNI,0.0
521,ACRU,0.0
521,LIST,0.0
521,OTHER,0.0
521,PIEL,0.007692307692307693
521,PIPA,0.9461538461538462
521,PITA,0.007692307692307693
521,QUGE,0.007692307692307693
521,QULA,0.03076923076923077
521,QUNI,0.0
523,ACRU,0.0
523,LIST,0.0
523,OTHER,0.15
523,PIEL,0.1
523,PIPA,0.3
523,PITA,0.1
523,QUGE,0.0
523,QULA,0.35
523,QUNI,0.0
524,ACRU,0.0
524,LIST,0.0
524,OTHER,0.0
524,PIEL,0.0
524,PIPA,1.0
524,PITA,0.0
524,QUGE,0.0
524,QULA,0.0
524,QUNI,0.0
525,ACRU,0.0
525,LIST,0.0
525,OTHER,0.0
525,PIEL,0.0
525,PIPA,0.1
525,PITA,0.4
525,QUGE,0.0
525,QULA,0.5
525,QUNI,0.0
527,ACRU,0.0
527,LIST,0.0
527,OTHER,0.0
527,PIEL,0.0
527,PIPA,1.0
527,PITA,0.0
527,QUGE,0.0
527,QULA,0.0
527,QUNI,0.0
528,ACRU,0.025
528,LIST,0.0
528,OTHER,0.0
528,PIEL,0.0
528,PIPA,0.8500000000000001
528,PITA,0.05
528,QUGE,0.0
528,QULA,0.025
528,QUNI,0.05
529,ACRU,0.0
529,LIST,0.0
529,OTHER,0.01
529,PIEL,0.02
529,PIPA,0.8700000000000001
529,PITA,0.0
529,QUGE,0.0
529,QULA,0.09
529,QUNI,0.01
530,ACRU,0.0
530,LIST,0.0
530,OTHER,0.0
530,PIEL,0.1
530,PIPA,0.8
530,PITA,0.0
530,QUGE,0.1
530,QULA,0.0
530,QUNI,0.0
531,ACRU,0.0
531,LIST,0.0
531,OTHER,0.13333333333333333
531,PIEL,0.0
531,PIPA,0.13333333333333333
531,PITA,0.0
531,QUGE,0.09999999999999999
531,QULA,0.6
531,QUNI,0.03333333333333333
536,ACRU,0.0
536,LIST,0.0
536,OTHER,0.0
536,PIEL,0.03333333333333333
536,PIPA,0.9333333333333332
536,PITA,0.0
536,QUGE,0.0
536,QULA,0.03333333333333333
536,QUNI,0.0
539,ACRU,0.0
539,LIST,0.0
539,OTHER,0.0
539,PIEL,0.0
539,PIPA,0.9571428571428572
539,PITA,0.0
539,QUGE,0.028571428571428574
539,QULA,0.014285714285714287
539,QUNI,0.0
540,ACRU,0.0
540,LIST,0.0
540,OTHER,0.0
540,PIEL,0.0
540,PIPA,1.0
540,PITA,0.0
540,QUGE,0.0
540,QULA,0.0
540,QUNI,0.0
546,ACRU,0.0
546,LIST,0.0
546,OTHER,0.0
546,PIEL,0.05
546,PIPA,0.95
546,PITA,0.0
546,QUGE,0.0
546,QULA,0.0
546,QUNI,0.0
547,ACRU,0.0
547,LIST,0.0
547,OTHER,0.15000000000000002
547,PIEL,0.0
547,PIPA,0.15
547,PITA,0.05
547,QUGE,0.0
547,QULA,0.65
547,QUNI,0.0
552,ACRU,0.0
552,LIST,0.0
552,OTHER,0.0
552,PIEL,0.0
552,PIPA,0.6
552,PITA,0.0
552,QUGE,0.0
552,QULA,0.4
552,QUNI,0.0
554,ACRU,0.025
554,LIST,0.21000000000000005
554,OTHER,0.66
554,PIEL,0.02
554,PIPA,0.0
554,PITA,0.0
554,QUGE,0.034999999999999996
554,QULA,0.005
554,QUNI,0.045
557,ACRU,0.0
557,LIST,0.0
557,OTHER,0.0
557,PIEL,0.0
557,PIPA,0.9800000000000001
557,PITA,0.0
557,QUGE,0.02
557,QULA,0.0
557,QUNI,0.0
559,ACRU,0.0
559,LIST,0.0
559,OTHER,0.022222222222222223
559,PIEL,0.011111111111111112
559,PIPA,0.8999999999999999
559,PITA,0.011111111111111112
559,QUGE,0.011111111111111112
559,QULA,0.011111111111111112
559,QUNI,0.03333333333333333
561,ACRU,0.022222222222222223
561,LIST,0.0
561,OTHER,0.022222222222222223
561,PIEL,0.1111111111111111
561,PIPA,0.2333333333333334
561,PITA,0.5333333333333333
561,QUGE,0.011111111111111112
561,QULA,0.06666666666666667
561,QUNI,0.0
564,ACRU,0.19999999999999998
564,LIST,0.0
564,OTHER,0.08333333333333333
564,PIEL,0.0
564,PIPA,0.21666666666666667
564,PITA,0.09999999999999999
564,QUGE,0.0
564,QULA,0.3
564,QUNI,0.09999999999999999
567,ACRU,0.0
567,LIST,0.0
567,OTHER,0.1
567,PIEL,0.15000000000000002
567,PIPA,0.55
567,PITA,0.05
567,QUGE,0.15000000000000002
567,QULA,0.0
567,QUNI,0.0
568,ACRU,0.0
568,LIST,0.0
568,OTHER,0.04
568,PIEL,0.0
568,PIPA,0.6799999999999999
568,PITA,0.08
568,QUGE,0.04
568,QULA,0.13999999999999999
568,QUNI,0.02
574,ACRU,0.0
574,LIST,0.0
574,OTHER,0.0
574,PIEL,0.0
574,PIPA,0.5
574,PITA,0.0
574,QUGE,0.0
574,QULA,0.4
574,QUNI,0.1
578,ACRU,0.0
578,LIST,0.0
578,OTHER,0.03333333333333333
578,PIEL,0.0
578,PIPA,0.13333333333333333
578,PITA,0.0
578,QUGE,0.10000000000000002
578,QULA,0.7333333333333334
578,QUNI,0.0
583,ACRU,0.0
583,LIST,0.0
583,OTHER,0.0
583,PIEL,0.0
583,PIPA,0.9
583,PITA,0.0
583,QUGE,0.0
583,QULA,0.1
583,QUNI,0.0
586,ACRU,0.016666666666666666
586,LIST,0.0
586,OTHER,0.0
586,PIEL,0.0
586,PIPA,0.8666666666666667
586,PITA,0.0
586,QUGE,0.049999999999999996
586,QULA,0.06666666666666667
586,QUNI,0.0
587,ACRU,0.07500000000000001
587,LIST,0.025
587,OTHER,0.125
587,PIEL,0.025
587,PIPA,0.07500000000000001
587,PITA,0.05
587,QUGE,0.0
587,QULA,0.625
587,QUNI,0.0
590,ACRU,0.0
590,LIST,0.0
590,OTHER,0.0
590,PIEL,0.0
590,PIPA,0.5
590,PITA,0.3
590,QUGE,0.0
590,QULA,0.2
590,QUNI,0.0
592,ACRU,0.0
592,LIST,0.0
592,OTHER,0.0
592,PIEL,0.0
592,PIPA,1.0
592,PITA,0.0
592,QUGE,0.0
592,QULA,0.0
592,QUNI,0.0
594,ACRU,0.0
594,LIST,0.0
594,OTHER,0.05
594,PIEL,0.025
594,PIPA,0.9249999999999999
594,PITA,0.0
594,QUGE,0.0
594,QULA,0.0
594,QUNI,0.0
598,ACRU,0.0
598,LIST,0.0
598,OTHER,0.007692307692307693
598,PIEL,0.02307692307692308
598,PIPA,0.13846153846153847
598,PITA,0.7307692307692307
598,QUGE,0.0
598,QULA,0.1
598,QUNI,0.0
601,ACRU,0.0
601,LIST,0.0
601,OTHER,0.004761904761904762
601,PIEL,0.03333333333333333
601,PIPA,0.8809523809523809
601,PITA,0.03333333333333333
601,QUGE,0.01904761904761905
601,QULA,0.02857142857142857
601,QUNI,0.0
602,ACRU,0.0
602,LIST,0.0
602,OTHER,0.004761904761904762
602,PIEL,0.023809523809523808
602,PIPA,0.8571428571428573
602,PITA,0.05238095238095238
602,QUGE,0.042857142857142864
602,QULA,0.014285714285714287
602,QUNI,0.004761904761904762
606,ACRU,0.0
606,LIST,0.0
606,OTHER,0.014285714285714287
606,PIEL,0.07142857142857142
606,PIPA,0.6857142857142857
606,PITA,0.0
606,QUGE,0.028571428571428574
606,QULA,0.18571428571428575
606,QUNI,0.014285714285714287
608,ACRU,0.02
608,LIST,0.02
608,OTHER,0.0
608,PIEL,0.02
608,PIPA,0.8800000000000001
608,PITA,0.02
608,QUGE,0.0
608,QULA,0.02
608,QUNI,0.02
609,ACRU,0.03333333333333333
609,LIST,0.0
609,OTHER,0.0
609,PIEL,0.0
609,PIPA,0.7333333333333334
609,PITA,0.0
609,QUGE,0.0
609,QULA,0.2333333333333333
609,QUNI,0.0
610,ACRU,0.0
610,LIST,0.0
610,OTHER,0.0
610,PIEL,0.1
610,PIPA,0.9
610,PITA,0.0
610,QUGE,0.0
610,QULA,0.0
610,QUNI,0.0
612,ACRU,0.0
612,LIST,0.0
612,OTHER,0.0
612,PIEL,0.0
612,PIPA,0.9000000000000001
612,PITA,0.0
612,QUGE,0.0125
612,QULA,0.05
612,QUNI,0.037500000000000006
622,ACRU,0.009090909090909092
622,LIST,0.0
622,OTHER,0.0
622,PIEL,0.018181818181818184
622,PIPA,0.6272727272727272
622,PITA,0.045454545454545456
622,QUGE,0.009090909090909092
622,QULA,0.045454545454545456
622,QUNI,0.24545454545454548
