Crown_id	AC	LI	OT	PI	QU	
162	0.0	0.0	0.0	1.0	0.0	
490	0.0	0.0	0.0	0.0	1.0	
378	0.0	0.0	0.1	0.0	0.9	
414	0.0	0.0	0.0	1.0	0.0	
213	0.0	0.0	0.0	1.0	0.0	
25	0.0	0.0	0.0	0.9	0.1	
482	0.1	0.3	0.4	0.1	0.1	
530	0.0	0.0	0.0	1.0	0.0	
606	0.0	0.0	0.0	0.8	0.2	
156	0.0	0.0	0.0	0.9	0.1	
270	0.0	0.0	0.0	0.7	0.3	
361	0.0	0.0	0.0	0.9	0.1	
292	0.0	0.0	0.0	1.0	0.0	
133	0.0	0.0	0.0	0.8	0.2	
133	0.0	0.0	0.0	0.9	0.1	
25	0.0	0.0	0.0	1.0	0.0	
216	0.0	0.0	0.0	1.0	0.0	
153	0.0	0.0	0.0	0.9	0.1	
266	0.0	0.0	0.0	0.0	1.0	
352	0.0	0.0	0.0	0.9	0.1	
291	0.0	0.0	0.0	1.0	0.0	
179	0.0	0.0	0.0	0.9	0.1	
292	0.0	0.0	0.0	1.0	0.0	
478	0.0	0.0	0.0	0.2	0.8	
52	0.0	0.0	0.0	0.2	0.8	
295	0.0	0.0	0.0	0.4	0.6	
188	0.0	0.0	0.0	1.0	0.0	
71	0.0	0.0	0.0	1.0	0.0	
293	0.0	0.0	0.0	1.0	0.0	
172	0.0	0.0	0.0	1.0	0.0	
111	0.0	0.0	0.0	1.0	0.0	
291	0.0	0.0	0.0	0.9	0.1	
382	0.0	0.0	0.0	0.4	0.6	
98	0.1	0.0	0.0	0.7	0.2	
158	0.0	0.0	0.0	1.0	0.0	
292	0.0	0.0	0.0	0.9	0.1	
279	0.0	0.0	0.0	0.4	0.6	
111	0.0	0.0	0.0	1.0	0.0	
22	0.1	0.0	0.0	0.0	0.9	
446	0.0	0.0	0.0	1.0	0.0	
42	0.0	0.0	0.0	0.9	0.1	
98	0.0	0.0	0.0	1.0	0.0	
265	0.0	0.0	0.0	0.1	0.9	
416	0.0	0.0	0.0	0.0	1.0	
262	0.0	0.0	0.0	0.8	0.2	
292	0.0	0.0	0.0	1.0	0.0	
183	0.0	0.0	0.0	0.9	0.1	
281	0.0	0.0	0.2	0.0	0.8	
242	0.0	0.0	0.0	0.9	0.1	
554	0.0	0.1	0.8	0.0	0.1	
601	0.0	0.0	0.0	1.0	0.0	
602	0.0	0.0	0.0	1.0	0.0	
161	0.0	0.0	0.0	1.0	0.0	
232	0.0	0.1	0.1	0.0	0.8	
414	0.0	0.0	0.0	1.0	0.0	
97	0.0	0.0	0.0	0.9	0.1	
266	0.2	0.0	0.0	0.2	0.6	
606	0.0	0.0	0.0	1.0	0.0	
139	0.0	0.0	0.0	0.5	0.5	
242	0.0	0.0	0.0	1.0	0.0	
587	0.0	0.0	0.0	0.1	0.9	
179	0.0	0.0	0.0	0.8	0.2	
423	0.0	0.0	0.0	1.0	0.0	
508	0.0	0.0	0.0	0.2	0.8	
292	0.0	0.0	0.0	1.0	0.0	
31	0.2	0.0	0.1	0.0	0.7	
158	0.0	0.0	0.0	0.9	0.1	
242	0.0	0.0	0.0	0.7	0.3	
274	0.0	0.0	0.0	1.0	0.0	
92	0.0	0.0	0.1	0.0	0.9	
153	0.0	0.0	0.0	1.0	0.0	
338	0.0	0.0	0.0	0.9	0.1	
340	0.0	0.0	0.0	0.0	1.0	
397	0.0	0.0	0.0	0.8	0.2	
235	0.2	0.1	0.0	0.0	0.7	
16	0.0	0.0	0.0	0.9	0.1	
554	0.0	0.3	0.5	0.1	0.1	
53	0.0	0.0	0.0	0.9	0.1	
99	0.0	0.0	0.0	1.0	0.0	
382	0.1	0.0	0.0	0.2	0.7	
338	0.0	0.0	0.0	1.0	0.0	
375	0.0	0.0	0.0	1.0	0.0	
554	0.0	0.0	0.9	0.0	0.1	
479	0.0	0.0	0.0	0.9	0.1	
454	0.0	0.0	0.0	1.0	0.0	
622	0.0	0.0	0.0	0.9	0.1	
31	0.3	0.1	0.0	0.1	0.5	
187	0.0	0.0	0.0	1.0	0.0	
495	0.0	0.0	0.0	0.9	0.1	
529	0.0	0.0	0.0	1.0	0.0	
291	0.0	0.0	0.0	1.0	0.0	
601	0.0	0.0	0.0	1.0	0.0	
237	0.0	0.0	0.0	0.8	0.2	
188	0.0	0.0	0.0	0.9	0.1	
188	0.0	0.0	0.0	1.0	0.0	
554	0.0	0.5	0.4	0.0	0.1	
31	0.3	0.0	0.0	0.0	0.7	
99	0.0	0.0	0.0	0.9	0.1	
119	0.0	0.0	0.0	0.1	0.9	
283	0.0	0.0	0.0	1.0	0.0	
155	0.0	0.0	0.0	1.0	0.0	
474	0.0	0.0	0.0	1.0	0.0	
98	0.0	0.0	0.0	1.0	0.0	
188	0.0	0.0	0.0	1.0	0.0	
302	0.0	0.0	0.0	0.3	0.7	
96	0.0	0.0	0.0	1.0	0.0	
540	0.0	0.0	0.0	1.0	0.0	
25	0.0	0.0	0.0	1.0	0.0	
401	0.0	0.2	0.1	0.2	0.5	
608	0.0	0.0	0.0	1.0	0.0	
302	0.0	0.0	0.0	0.1	0.9	
42	0.0	0.0	0.0	0.8	0.2	
454	0.0	0.0	0.0	1.0	0.0	
466	0.0	0.0	0.0	1.0	0.0	
133	0.0	0.0	0.0	1.0	0.0	
474	0.0	0.0	0.0	1.0	0.0	
31	0.0	0.0	0.0	0.0	1.0	
30	0.0	0.0	0.0	0.0	1.0	
493	0.0	0.0	0.0	0.9	0.1	
401	0.0	0.7	0.3	0.0	0.0	
229	0.0	0.0	0.0	1.0	0.0	
622	0.0	0.0	0.0	0.9	0.1	
72	0.0	0.0	0.0	0.9	0.1	
72	0.0	0.0	0.0	1.0	0.0	
194	0.0	0.0	0.0	0.7	0.3	
164	0.0	0.0	0.0	0.2	0.8	
16	0.0	0.0	0.0	0.8	0.2	
606	0.0	0.0	0.0	0.7	0.3	
602	0.0	0.0	0.0	0.9	0.1	
13	0.0	0.0	0.0	1.0	0.0	
440	0.0	0.0	0.0	1.0	0.0	
295	0.0	0.0	0.0	0.9	0.1	
213	0.0	0.0	0.0	1.0	0.0	
16	0.0	0.0	0.0	0.6	0.4	
173	0.0	0.0	0.0	1.0	0.0	
529	0.0	0.0	0.0	1.0	0.0	
133	0.0	0.0	0.0	0.9	0.1	
58	0.0	0.0	0.0	0.8	0.2	
71	0.0	0.0	0.0	1.0	0.0	
73	0.0	0.0	0.0	0.1	0.9	
554	0.0	0.2	0.8	0.0	0.0	
484	0.1	0.0	0.1	0.0	0.8	
161	0.0	0.0	0.0	1.0	0.0	
158	0.0	0.0	0.0	1.0	0.0	
263	0.0	0.0	0.0	0.9	0.1	
397	0.0	0.0	0.0	1.0	0.0	
401	0.0	0.7	0.3	0.0	0.0	
497	0.0	0.0	0.0	1.0	0.0	
213	0.0	0.0	0.0	0.9	0.1	
479	0.0	0.0	0.0	1.0	0.0	
361	0.0	0.0	0.0	1.0	0.0	
98	0.0	0.0	0.0	1.0	0.0	
351	0.0	0.0	0.0	0.9	0.1	
561	0.0	0.0	0.0	0.9	0.1	
135	0.0	0.0	0.0	1.0	0.0	
205	0.0	0.0	0.0	1.0	0.0	
232	0.1	0.5	0.0	0.0	0.4	
395	0.0	0.0	0.0	1.0	0.0	
67	0.0	0.0	0.0	1.0	0.0	
450	0.0	0.0	0.0	1.0	0.0	
266	0.0	0.0	0.0	0.0	1.0	
31	0.0	0.0	0.1	0.0	0.9	
133	0.0	0.0	0.0	1.0	0.0	
432	0.0	0.0	0.0	0.2	0.8	
23	0.0	0.0	0.0	0.4	0.6	
529	0.0	0.0	0.0	0.8	0.2	
382	0.0	0.0	0.0	0.2	0.8	
280	0.0	0.0	0.0	0.9	0.1	
430	0.0	0.0	0.0	0.9	0.1	
407	0.0	0.0	0.0	1.0	0.0	
265	0.0	0.0	0.0	0.1	0.9	
123	0.0	0.0	0.0	0.7	0.3	
29	0.0	0.0	0.0	1.0	0.0	
31	0.1	0.0	0.0	0.0	0.9	
373	0.2	0.5	0.1	0.0	0.2	
484	0.0	0.0	0.1	0.0	0.9	
29	0.0	0.0	0.0	0.9	0.1	
365	0.1	0.0	0.0	0.1	0.8	
529	0.0	0.0	0.0	0.9	0.1	
568	0.0	0.0	0.0	1.0	0.0	
587	0.0	0.0	0.0	0.5	0.5	
73	0.0	0.0	0.0	0.6	0.4	
133	0.0	0.0	0.0	1.0	0.0	
524	0.0	0.0	0.0	1.0	0.0	
554	0.1	0.4	0.3	0.1	0.1	
20	0.0	0.0	0.0	0.6	0.4	
272	0.0	0.0	0.0	0.7	0.3	
465	0.0	0.0	0.0	1.0	0.0	
134	0.0	0.0	0.0	1.0	0.0	
279	0.0	0.0	0.0	0.8	0.2	
375	0.0	0.0	0.0	1.0	0.0	
52	0.0	0.0	0.0	0.7	0.3	
199	0.0	0.0	0.0	1.0	0.0	
98	0.0	0.0	0.0	1.0	0.0	
157	0.0	0.0	0.0	0.7	0.3	
281	0.0	0.0	0.0	0.0	1.0	
265	0.0	0.0	0.0	0.4	0.6	
283	0.0	0.0	0.0	1.0	0.0	
95	0.1	0.0	0.0	0.5	0.4	
622	0.0	0.0	0.0	0.8	0.2	
168	0.0	0.0	0.0	1.0	0.0	
601	0.0	0.0	0.0	0.9	0.1	
292	0.0	0.0	0.0	1.0	0.0	
216	0.0	0.0	0.0	0.8	0.2	
109	0.0	0.0	0.0	1.0	0.0	
398	0.0	0.0	0.1	0.9	0.0	
232	0.3	0.0	0.1	0.0	0.6	
423	0.0	0.0	0.0	0.8	0.2	
133	0.0	0.0	0.0	1.0	0.0	
208	0.0	0.0	0.0	1.0	0.0	
72	0.0	0.0	0.0	1.0	0.0	
215	0.0	0.0	0.0	0.9	0.1	
339	0.0	0.0	0.0	0.4	0.6	
407	0.0	0.0	0.0	1.0	0.0	
293	0.0	0.0	0.0	0.8	0.2	
315	0.0	0.0	0.0	0.8	0.2	
402	0.0	0.0	0.0	1.0	0.0	
480	0.0	0.0	0.0	1.0	0.0	
58	0.0	0.0	0.0	1.0	0.0	
182	0.1	0.0	0.0	0.9	0.0	
366	0.0	0.0	0.0	0.6	0.4	
587	0.1	0.0	0.0	0.7	0.2	
568	0.0	0.0	0.0	0.9	0.1	
612	0.0	0.0	0.0	1.0	0.0	
183	0.0	0.0	0.0	0.9	0.1	
283	0.0	0.0	0.0	1.0	0.0	
225	0.1	0.2	0.1	0.0	0.6	
340	0.0	0.0	0.0	0.1	0.9	
153	0.0	0.0	0.0	1.0	0.0	
25	0.0	0.0	0.0	1.0	0.0	
400	0.0	0.0	0.0	1.0	0.0	
206	0.0	0.0	0.0	0.5	0.5	
281	0.0	0.0	0.0	0.2	0.8	
400	0.3	0.0	0.0	0.7	0.0	
266	0.0	0.0	0.0	0.0	1.0	
207	0.0	0.0	0.0	1.0	0.0	
469	0.0	0.0	0.0	0.0	1.0	
193	0.0	0.0	0.0	0.9	0.1	
394	0.0	0.0	0.0	0.9	0.1	
111	0.0	0.0	0.0	1.0	0.0	
540	0.0	0.0	0.0	1.0	0.0	
153	0.0	0.0	0.0	1.0	0.0	
199	0.0	0.0	0.0	1.0	0.0	
527	0.0	0.0	0.0	1.0	0.0	
415	0.0	0.0	0.0	1.0	0.0	
479	0.0	0.0	0.0	0.5	0.5	
119	0.0	0.0	0.0	0.4	0.6	
471	0.0	0.0	0.0	1.0	0.0	
280	0.0	0.0	0.0	0.9	0.1	
450	0.0	0.0	0.0	1.0	0.0	
194	0.1	0.0	0.0	0.3	0.6	
495	0.0	0.0	0.0	0.8	0.2	
133	0.0	0.0	0.0	1.0	0.0	
158	0.0	0.0	0.0	1.0	0.0	
139	0.0	0.0	0.0	0.5	0.5	
303	0.0	0.0	0.0	0.4	0.6	
450	0.0	0.0	0.0	0.4	0.6	
450	0.0	0.0	0.0	1.0	0.0	
181	0.0	0.0	0.0	0.9	0.1	
313	0.0	0.0	0.0	0.5	0.5	
400	0.2	0.0	0.0	0.8	0.0	
373	0.0	1.0	0.0	0.0	0.0	
306	0.0	0.0	0.0	0.9	0.1	
20	0.0	0.0	0.0	0.5	0.5	
352	0.0	0.0	0.0	0.8	0.2	
205	0.0	0.0	0.0	1.0	0.0	
58	0.0	0.0	0.0	1.0	0.0	
263	0.0	0.0	0.0	0.9	0.1	
564	0.4	0.0	0.0	0.5	0.1	
83	0.1	0.0	0.0	0.3	0.6	
451	0.0	0.0	0.0	1.0	0.0	
111	0.0	0.0	0.0	1.0	0.0	
602	0.0	0.0	0.0	0.6	0.4	
9	0.0	0.0	0.0	0.3	0.7	
95	0.0	0.0	0.0	0.8	0.2	
158	0.0	0.0	0.0	0.9	0.1	
232	0.0	0.0	0.0	0.0	1.0	
280	0.0	0.0	0.0	1.0	0.0	
123	0.0	0.0	0.0	0.7	0.3	
417	0.0	0.0	0.0	1.0	0.0	
158	0.0	0.0	0.0	0.6	0.4	
493	0.0	0.0	0.0	1.0	0.0	
292	0.0	0.0	0.0	1.0	0.0	
291	0.0	0.0	0.0	1.0	0.0	
303	0.0	0.0	0.0	1.0	0.0	
339	0.0	0.0	0.0	0.8	0.2	
450	0.0	0.0	0.0	1.0	0.0	
417	0.0	0.0	0.0	1.0	0.0	
454	0.0	0.0	0.0	0.9	0.1	
472	0.0	0.0	0.0	0.6	0.4	
426	0.0	0.0	0.0	0.0	1.0	
287	0.0	0.0	0.0	1.0	0.0	
237	0.0	0.1	0.0	0.0	0.9	
115	0.0	0.0	0.0	0.9	0.1	
92	0.0	0.0	0.0	0.0	1.0	
401	0.0	0.6	0.2	0.0	0.2	
194	0.0	0.0	0.0	0.7	0.3	
162	0.0	0.0	0.0	1.0	0.0	
30	0.1	0.0	0.0	0.2	0.7	
454	0.0	0.0	0.0	1.0	0.0	
415	0.0	0.0	0.0	1.0	0.0	
494	0.0	0.0	0.0	0.6	0.4	
276	0.0	0.0	0.0	0.9	0.1	
298	0.0	0.0	0.0	1.0	0.0	
71	0.0	0.0	0.0	0.9	0.1	
24	0.0	0.0	0.0	0.9	0.1	
405	0.0	0.0	0.0	0.9	0.1	
18	0.0	0.0	0.0	0.1	0.9	
53	0.0	0.0	0.0	0.9	0.1	
288	0.0	0.0	0.0	0.1	0.9	
470	0.0	0.0	0.0	0.9	0.1	
594	0.0	0.0	0.0	1.0	0.0	
279	0.0	0.0	0.0	0.4	0.6	
232	0.0	0.1	0.1	0.0	0.8	
382	0.0	0.0	0.0	0.1	0.9	
281	0.1	0.0	0.0	0.1	0.8	
395	0.0	0.0	0.0	1.0	0.0	
3	0.0	0.0	0.0	0.9	0.1	
602	0.0	0.0	0.0	1.0	0.0	
9	0.0	0.0	0.0	0.0	1.0	
304	0.0	0.0	0.0	0.5	0.5	
207	0.0	0.0	0.0	1.0	0.0	
57	0.0	0.0	0.0	1.0	0.0	
231	0.0	0.0	0.0	1.0	0.0	
139	0.0	0.0	0.0	0.9	0.1	
318	0.0	0.0	0.0	1.0	0.0	
44	0.0	0.0	0.0	1.0	0.0	
375	0.0	0.0	0.0	1.0	0.0	
340	0.0	0.0	0.0	0.0	1.0	
403	0.0	0.0	0.0	0.9	0.1	
365	0.0	0.0	0.0	0.0	1.0	
21	0.0	0.0	0.0	0.4	0.6	
419	0.0	0.0	0.0	1.0	0.0	
21	0.0	0.0	0.0	0.9	0.1	
188	0.0	0.0	0.0	0.9	0.1	
100	0.0	0.0	0.0	1.0	0.0	
482	0.2	0.2	0.1	0.2	0.3	
536	0.0	0.0	0.0	1.0	0.0	
18	0.0	0.1	0.0	0.0	0.9	
423	0.0	0.0	0.0	0.9	0.1	
252	0.0	0.0	0.0	1.0	0.0	
338	0.0	0.0	0.0	0.9	0.1	
505	0.0	0.0	0.0	1.0	0.0	
552	0.0	0.0	0.0	0.5	0.5	
156	0.0	0.0	0.0	1.0	0.0	
564	0.3	0.0	0.0	0.2	0.5	
20	0.0	0.0	0.0	0.7	0.3	
554	0.0	0.0	0.9	0.0	0.1	
357	0.0	0.0	0.0	1.0	0.0	
158	0.0	0.0	0.0	1.0	0.0	
295	0.0	0.0	0.0	0.5	0.5	
165	0.0	0.0	0.0	0.8	0.2	
304	0.0	0.0	0.0	0.9	0.1	
480	0.0	0.0	0.0	0.9	0.1	
382	0.0	0.0	0.0	0.3	0.7	
16	0.0	0.0	0.0	0.8	0.2	
393	0.0	0.0	0.0	0.6	0.4	
557	0.0	0.0	0.0	1.0	0.0	
494	0.0	0.0	0.0	0.8	0.2	
318	0.0	0.0	0.0	1.0	0.0	
29	0.0	0.0	0.0	1.0	0.0	
398	0.0	0.0	0.0	0.9	0.1	
398	0.0	0.0	0.0	1.0	0.0	
265	0.0	0.0	0.0	0.0	1.0	
153	0.0	0.0	0.0	1.0	0.0	
213	0.0	0.0	0.0	1.0	0.0	
115	0.0	0.0	0.0	1.0	0.0	
253	0.0	0.0	0.0	1.0	0.0	
478	0.0	0.0	0.0	0.8	0.2	
283	0.0	0.0	0.0	0.8	0.2	
134	0.0	0.0	0.0	1.0	0.0	
518	0.0	0.0	0.0	1.0	0.0	
450	0.0	0.0	0.0	1.0	0.0	
586	0.0	0.0	0.0	0.9	0.1	
172	0.0	0.0	0.0	0.9	0.1	
539	0.0	0.0	0.0	1.0	0.0	
90	0.0	0.0	0.0	0.1	0.9	
471	0.0	0.0	0.0	1.0	0.0	
13	0.0	0.0	0.0	0.9	0.1	
298	0.0	0.0	0.0	1.0	0.0	
470	0.0	0.0	0.0	1.0	0.0	
62	0.0	0.0	0.0	0.2	0.8	
415	0.0	0.0	0.0	1.0	0.0	
214	0.0	0.0	0.0	1.0	0.0	
31	0.0	0.0	0.0	0.0	1.0	
554	0.0	0.2	0.7	0.0	0.1	
446	0.0	0.0	0.0	1.0	0.0	
335	0.0	0.0	0.0	1.0	0.0	
119	0.0	0.0	0.0	0.2	0.8	
313	0.0	0.0	0.0	0.8	0.2	
529	0.0	0.0	0.0	1.0	0.0	
602	0.0	0.0	0.0	0.4	0.6	
494	0.0	0.0	0.0	0.8	0.2	
29	0.0	0.0	0.0	1.0	0.0	
450	0.0	0.0	0.0	1.0	0.0	
99	0.0	0.0	0.0	1.0	0.0	
53	0.0	0.0	0.0	0.6	0.4	
554	0.0	0.6	0.4	0.0	0.0	
602	0.0	0.0	0.0	1.0	0.0	
524	0.0	0.0	0.0	0.9	0.1	
521	0.0	0.0	0.0	1.0	0.0	
313	0.0	0.0	0.0	0.1	0.9	
233	0.0	0.0	0.0	0.9	0.1	
199	0.0	0.0	0.0	1.0	0.0	
136	0.0	0.0	0.0	1.0	0.0	
440	0.0	0.0	0.0	1.0	0.0	
21	0.0	0.0	0.0	0.9	0.1	
292	0.0	0.0	0.0	1.0	0.0	
405	0.0	0.0	0.0	0.9	0.1	
67	0.0	0.0	0.0	1.0	0.0	
14	0.0	0.0	0.0	0.7	0.3	
266	0.0	0.0	0.0	0.0	1.0	
115	0.0	0.0	0.0	1.0	0.0	
539	0.0	0.0	0.0	0.9	0.1	
450	0.0	0.0	0.0	1.0	0.0	
592	0.0	0.0	0.0	0.9	0.1	
414	0.0	0.0	0.0	1.0	0.0	
221	0.0	0.0	0.0	1.0	0.0	
414	0.0	0.0	0.0	1.0	0.0	
199	0.0	0.0	0.0	1.0	0.0	
190	0.2	0.4	0.1	0.0	0.3	
266	0.1	0.0	0.1	0.0	0.8	
133	0.0	0.0	0.0	1.0	0.0	
303	0.0	0.0	0.0	1.0	0.0	
164	0.0	0.0	0.0	0.0	1.0	
375	0.0	0.0	0.0	1.0	0.0	
231	0.0	0.0	0.0	0.9	0.1	
168	0.0	0.0	0.0	1.0	0.0	
57	0.0	0.0	0.0	1.0	0.0	
206	0.0	0.0	0.0	0.2	0.8	
158	0.0	0.0	0.0	0.9	0.1	
208	0.0	0.0	0.0	1.0	0.0	
72	0.0	0.0	0.0	0.9	0.1	
384	0.0	0.0	0.0	0.0	1.0	
373	0.2	0.7	0.0	0.0	0.1	
97	0.0	0.0	0.0	1.0	0.0	
448	0.1	0.0	0.1	0.1	0.7	
266	0.1	0.0	0.2	0.0	0.7	
388	0.0	0.0	0.0	0.3	0.7	
58	0.0	0.0	0.0	0.9	0.1	
279	0.0	0.0	0.0	0.4	0.6	
21	0.0	0.0	0.0	0.9	0.1	
266	0.0	0.0	0.0	0.0	1.0	
304	0.0	0.0	0.0	0.0	1.0	
382	0.1	0.0	0.0	0.5	0.4	
281	0.0	0.0	0.0	0.2	0.8	
373	0.1	0.0	0.0	0.0	0.9	
415	0.0	0.0	0.0	1.0	0.0	
97	0.0	0.0	0.0	1.0	0.0	
375	0.0	0.0	0.0	1.0	0.0	
266	0.1	0.1	0.1	0.0	0.7	
18	0.2	0.0	0.0	0.3	0.5	
90	0.0	0.0	0.0	0.1	0.9	
403	0.0	0.0	0.0	1.0	0.0	
134	0.0	0.0	0.0	0.8	0.2	
505	0.0	0.0	0.4	0.4	0.2	
420	0.0	0.0	0.0	1.0	0.0	
231	0.0	0.0	0.0	1.0	0.0	
134	0.0	0.0	0.0	0.6	0.4	
450	0.0	0.0	0.0	1.0	0.0	
228	0.0	0.0	0.0	1.0	0.0	
235	0.9	0.0	0.0	0.0	0.1	
324	0.0	0.0	0.0	1.0	0.0	
523	0.0	0.0	0.0	0.5	0.5	
398	0.0	0.0	0.0	1.0	0.0	
559	0.0	0.0	0.0	1.0	0.0	
92	0.0	0.0	0.0	0.3	0.7	
448	0.0	0.0	0.0	0.2	0.8	
280	0.0	0.0	0.0	1.0	0.0	
25	0.0	0.0	0.0	1.0	0.0	
87	0.0	0.0	0.0	1.0	0.0	
586	0.0	0.0	0.0	1.0	0.0	
539	0.0	0.0	0.0	1.0	0.0	
235	0.8	0.0	0.0	0.0	0.2	
496	0.0	0.0	0.0	0.9	0.1	
450	0.0	0.0	0.0	1.0	0.0	
598	0.0	0.0	0.0	0.8	0.2	
423	0.0	0.0	0.0	1.0	0.0	
3	0.0	0.0	0.0	1.0	0.0	
194	0.0	0.0	0.0	1.0	0.0	
454	0.0	0.0	0.0	0.9	0.1	
539	0.0	0.0	0.0	1.0	0.0	
141	0.0	0.0	0.1	0.6	0.3	
606	0.0	0.0	0.0	0.8	0.2	
564	0.2	0.0	0.0	0.6	0.2	
398	0.0	0.0	0.0	1.0	0.0	
87	0.0	0.0	0.0	1.0	0.0	
235	0.9	0.0	0.0	0.0	0.1	
348	0.0	0.0	0.0	1.0	0.0	
205	0.0	0.0	0.0	1.0	0.0	
78	0.0	0.0	0.0	1.0	0.0	
270	0.0	0.0	0.0	0.6	0.4	
110	0.0	0.0	0.0	0.8	0.2	
451	0.0	0.0	0.0	1.0	0.0	
497	0.0	0.0	0.0	1.0	0.0	
339	0.0	0.0	0.0	0.4	0.6	
450	0.0	0.0	0.0	1.0	0.0	
351	0.0	0.0	0.0	1.0	0.0	
531	0.0	0.0	0.0	0.0	1.0	
586	0.0	0.0	0.0	1.0	0.0	
561	0.0	0.0	0.0	0.9	0.1	
390	0.0	0.0	0.0	1.0	0.0	
4	0.1	0.0	0.0	0.8	0.1	
235	0.9	0.0	0.0	0.0	0.1	
205	0.0	0.0	0.0	1.0	0.0	
54	0.0	0.0	0.0	1.0	0.0	
188	0.0	0.0	0.0	1.0	0.0	
158	0.0	0.0	0.0	1.0	0.0	
512	0.0	0.0	0.0	1.0	0.0	
505	0.0	0.1	0.0	0.7	0.2	
539	0.0	0.0	0.0	1.0	0.0	
211	0.0	0.0	0.0	1.0	0.0	
265	0.0	0.0	0.0	0.4	0.6	
557	0.0	0.0	0.0	1.0	0.0	
601	0.0	0.0	0.0	0.9	0.1	
87	0.0	0.0	0.0	1.0	0.0	
338	0.0	0.0	0.0	1.0	0.0	
291	0.0	0.0	0.0	1.0	0.0	
420	0.0	0.0	0.0	1.0	0.0	
398	0.0	0.0	0.0	1.0	0.0	
388	0.0	0.0	0.0	0.1	0.9	
183	0.0	0.0	0.0	0.6	0.4	
170	0.0	0.0	0.0	1.0	0.0	
382	0.0	0.0	0.0	0.1	0.9	
72	0.0	0.0	0.0	1.0	0.0	
547	0.0	0.0	0.0	0.2	0.8	
602	0.0	0.0	0.0	0.9	0.1	
554	0.0	0.0	0.7	0.1	0.2	
505	0.1	0.0	0.1	0.8	0.0	
601	0.0	0.0	0.0	1.0	0.0	
452	0.0	0.0	0.0	0.9	0.1	
554	0.0	0.1	0.7	0.1	0.1	
14	0.0	0.0	0.0	0.7	0.3	
216	0.0	0.0	0.0	0.9	0.1	
22	0.0	0.0	0.0	0.1	0.9	
58	0.0	0.0	0.0	1.0	0.0	
188	0.0	0.0	0.0	1.0	0.0	
133	0.0	0.0	0.0	0.9	0.1	
508	0.0	0.0	0.0	0.9	0.1	
174	0.0	0.0	0.0	0.5	0.5	
295	0.1	0.0	0.0	0.5	0.4	
568	0.0	0.0	0.0	0.8	0.2	
95	0.0	0.0	0.0	1.0	0.0	
382	0.0	0.0	0.0	0.0	1.0	
31	0.0	0.0	0.0	0.0	1.0	
348	0.0	0.0	0.0	1.0	0.0	
398	0.0	0.0	0.0	1.0	0.0	
574	0.0	0.0	0.0	0.1	0.9	
354	0.0	0.0	0.0	1.0	0.0	
272	0.0	0.0	0.0	0.5	0.5	
232	0.1	0.1	0.0	0.0	0.8	
610	0.0	0.0	0.0	1.0	0.0	
221	0.0	0.0	0.0	0.9	0.1	
598	0.0	0.0	0.0	1.0	0.0	
382	0.0	0.0	0.0	0.6	0.4	
265	0.0	0.0	0.0	0.3	0.7	
466	0.0	0.0	0.0	1.0	0.0	
348	0.0	0.0	0.0	1.0	0.0	
228	0.1	0.0	0.0	0.8	0.1	
283	0.0	0.0	0.0	1.0	0.0	
20	0.0	0.0	0.0	0.2	0.8	
4	0.0	0.0	0.0	1.0	0.0	
21	0.0	0.0	0.0	1.0	0.0	
375	0.0	0.0	0.0	1.0	0.0	
14	0.0	0.0	0.0	0.9	0.1	
72	0.0	0.0	0.0	1.0	0.0	
375	0.0	0.0	0.0	1.0	0.0	
316	0.0	0.0	0.0	1.0	0.0	
71	0.0	0.0	0.0	0.9	0.1	
609	0.0	0.0	0.0	0.6	0.4	
207	0.0	0.0	0.0	1.0	0.0	
395	0.0	0.0	0.0	1.0	0.0	
602	0.0	0.0	0.0	1.0	0.0	
241	0.0	0.0	0.0	1.0	0.0	
601	0.0	0.0	0.0	1.0	0.0	
205	0.0	0.0	0.0	1.0	0.0	
495	0.0	0.0	0.0	1.0	0.0	
100	0.0	0.0	0.0	1.0	0.0	
478	0.0	0.0	0.0	0.9	0.1	
490	0.0	0.0	0.0	0.3	0.7	
45	0.0	0.0	0.0	1.0	0.0	
133	0.0	0.0	0.0	1.0	0.0	
612	0.0	0.0	0.0	0.9	0.1	
559	0.0	0.0	0.0	1.0	0.0	
231	0.0	0.0	0.0	1.0	0.0	
318	0.0	0.0	0.0	1.0	0.0	
25	0.0	0.0	0.0	0.9	0.1	
493	0.0	0.0	0.0	1.0	0.0	
242	0.0	0.0	0.0	1.0	0.0	
266	0.0	0.1	0.0	0.0	0.9	
493	0.0	0.0	0.0	1.0	0.0	
280	0.0	0.0	0.0	0.8	0.2	
382	0.1	0.0	0.0	0.5	0.4	
306	0.0	0.0	0.0	1.0	0.0	
31	0.0	0.0	0.0	0.0	1.0	
100	0.0	0.0	0.0	1.0	0.0	
612	0.0	0.0	0.0	1.0	0.0	
171	0.0	0.0	0.0	0.1	0.9	
266	0.0	0.0	0.1	0.0	0.9	
258	0.0	0.0	0.0	1.0	0.0	
266	0.0	0.0	0.0	0.0	1.0	
158	0.1	0.0	0.0	0.6	0.3	
450	0.0	0.0	0.0	0.8	0.2	
133	0.0	0.0	0.0	1.0	0.0	
234	0.0	0.0	0.0	1.0	0.0	
410	0.0	0.0	0.1	0.3	0.6	
598	0.0	0.0	0.0	1.0	0.0	
474	0.0	0.0	0.0	1.0	0.0	
199	0.0	0.0	0.0	0.9	0.1	
193	0.0	0.0	0.0	1.0	0.0	
206	0.0	0.0	0.0	0.3	0.7	
71	0.0	0.0	0.0	1.0	0.0	
423	0.3	0.0	0.0	0.7	0.0	
9	0.0	0.0	0.0	0.2	0.8	
140	0.0	0.0	0.0	0.3	0.7	
416	0.1	0.0	0.1	0.1	0.7	
398	0.0	0.0	0.0	1.0	0.0	
490	0.0	0.0	0.0	0.5	0.5	
98	0.0	0.0	0.0	1.0	0.0	
451	0.0	0.0	0.0	1.0	0.0	
508	0.0	0.0	0.0	1.0	0.0	
156	0.0	0.0	0.0	1.0	0.0	
554	0.0	0.0	1.0	0.0	0.0	
398	0.0	0.0	0.0	1.0	0.0	
262	0.0	0.0	0.0	0.4	0.6	
291	0.0	0.0	0.0	1.0	0.0	
208	0.0	0.0	0.0	0.8	0.2	
490	0.0	0.0	0.0	0.3	0.7	
86	0.0	0.0	0.0	0.1	0.9	
398	0.0	0.0	0.0	1.0	0.0	
164	0.0	0.0	0.0	0.4	0.6	
29	0.0	0.0	0.0	1.0	0.0	
298	0.0	0.0	0.0	1.0	0.0	
474	0.0	0.0	0.0	0.9	0.1	
594	0.0	0.0	0.0	1.0	0.0	
57	0.0	0.0	0.0	1.0	0.0	
206	0.0	0.0	0.0	0.2	0.8	
338	0.0	0.0	0.0	0.6	0.4	
398	0.0	0.0	0.0	0.8	0.2	
231	0.0	0.0	0.0	1.0	0.0	
399	0.0	0.0	0.0	1.0	0.0	
521	0.0	0.0	0.0	1.0	0.0	
4	0.0	0.0	0.0	1.0	0.0	
432	0.0	0.0	0.0	0.0	1.0	
494	0.0	0.0	0.0	0.8	0.2	
188	0.0	0.0	0.0	1.0	0.0	
172	0.0	0.0	0.0	1.0	0.0	
58	0.0	0.0	0.0	1.0	0.0	
133	0.0	0.0	0.0	0.9	0.1	
373	0.5	0.2	0.0	0.0	0.3	
44	0.0	0.0	0.0	0.5	0.5	
283	0.0	0.0	0.0	1.0	0.0	
298	0.0	0.0	0.0	1.0	0.0	
505	0.0	0.0	0.0	1.0	0.0	
518	0.0	0.0	0.0	0.8	0.2	
21	0.0	0.0	0.0	0.9	0.1	
414	0.0	0.0	0.0	1.0	0.0	
324	0.0	0.0	0.0	1.0	0.0	
58	0.0	0.0	0.0	1.0	0.0	
476	0.3	0.0	0.0	0.0	0.7	
245	0.0	0.0	0.0	0.9	0.1	
268	0.1	0.0	0.0	0.8	0.1	
415	0.0	0.0	0.0	0.8	0.2	
384	0.1	0.0	0.0	0.1	0.8	
235	0.6	0.2	0.0	0.0	0.2	
156	0.0	0.0	0.0	0.9	0.1	
298	0.0	0.0	0.0	1.0	0.0	
598	0.0	0.0	0.0	0.6	0.4	
293	0.0	0.0	0.0	1.0	0.0	
234	0.0	0.0	0.0	0.9	0.1	
454	0.0	0.0	0.0	1.0	0.0	
266	0.0	0.2	0.0	0.0	0.8	
521	0.0	0.0	0.0	1.0	0.0	
302	0.0	0.0	0.0	0.3	0.7	
405	0.0	0.0	0.0	1.0	0.0	
62	0.0	0.0	0.0	0.2	0.8	
270	0.0	0.0	0.0	0.9	0.1	
602	0.0	0.0	0.0	0.7	0.3	
455	0.0	0.0	0.0	1.0	0.0	
170	0.0	0.0	0.0	1.0	0.0	
484	0.0	0.0	0.0	0.1	0.9	
265	0.0	0.0	0.0	0.2	0.8	
57	0.0	0.0	0.0	1.0	0.0	
133	0.0	0.0	0.0	0.9	0.1	
505	0.0	0.0	0.2	0.7	0.1	
405	0.0	0.0	0.0	0.8	0.2	
379	0.0	0.0	0.0	1.0	0.0	
435	0.0	0.0	0.0	0.1	0.9	
111	0.0	0.0	0.0	1.0	0.0	
557	0.0	0.0	0.0	1.0	0.0	
321	0.0	0.0	0.0	0.8	0.2	
188	0.0	0.1	0.0	0.9	0.0	
517	0.0	0.0	0.0	1.0	0.0	
521	0.0	0.0	0.0	1.0	0.0	
22	0.2	0.0	0.0	0.2	0.6	
622	0.0	0.0	0.0	0.3	0.7	
375	0.0	0.0	0.0	1.0	0.0	
72	0.0	0.0	0.0	1.0	0.0	
466	0.0	0.0	0.0	1.0	0.0	
266	0.0	0.0	0.0	0.0	1.0	
387	0.0	0.0	0.0	1.0	0.0	
554	0.0	0.0	0.6	0.0	0.4	
415	0.0	0.0	0.0	1.0	0.0	
174	0.1	0.0	0.0	0.3	0.6	
315	0.0	0.0	0.0	0.6	0.4	
99	0.0	0.0	0.0	0.9	0.1	
31	0.0	0.0	0.0	0.0	1.0	
340	0.0	0.0	0.0	0.0	1.0	
338	0.0	0.0	0.0	0.7	0.3	
399	0.0	0.0	0.0	1.0	0.0	
188	0.0	0.0	0.0	1.0	0.0	
73	0.0	0.0	0.0	0.6	0.4	
16	0.0	0.0	0.0	0.7	0.3	
25	0.0	0.0	0.0	1.0	0.0	
351	0.0	0.0	0.0	0.9	0.1	
539	0.0	0.0	0.0	1.0	0.0	
602	0.0	0.0	0.0	0.8	0.2	
30	0.0	0.0	0.0	0.4	0.6	
419	0.0	0.0	0.0	0.8	0.2	
256	0.0	0.0	0.0	0.6	0.4	
266	0.0	0.0	0.0	0.0	1.0	
382	0.0	0.0	0.0	0.1	0.9	
45	0.0	0.0	0.0	1.0	0.0	
295	0.0	0.0	0.0	0.1	0.9	
29	0.0	0.0	0.0	1.0	0.0	
61	0.0	0.0	0.0	1.0	0.0	
72	0.0	0.0	0.0	1.0	0.0	
207	0.0	0.0	0.0	1.0	0.0	
471	0.0	0.0	0.0	1.0	0.0	
508	0.0	0.0	0.0	1.0	0.0	
31	0.0	0.0	0.0	0.0	1.0	
398	0.0	0.0	0.0	0.9	0.1	
338	0.0	0.0	0.0	0.9	0.1	
29	0.0	0.0	0.0	0.4	0.6	
497	0.0	0.0	0.0	1.0	0.0	
188	0.0	0.0	0.0	1.0	0.0	
521	0.0	0.0	0.0	1.0	0.0	
124	0.0	0.0	0.0	0.3	0.7	
241	0.0	0.0	0.0	0.7	0.3	
368	0.0	0.0	0.0	0.3	0.7	
251	0.3	0.0	0.0	0.7	0.0	
497	0.0	0.0	0.0	1.0	0.0	
86	0.0	0.0	0.0	0.0	1.0	
373	0.0	1.0	0.0	0.0	0.0	
420	0.0	0.0	0.0	1.0	0.0	
594	0.0	0.0	0.0	1.0	0.0	
298	0.0	0.0	0.0	1.0	0.0	
158	0.0	0.0	0.0	0.8	0.2	
25	0.0	0.0	0.0	1.0	0.0	
283	0.0	0.0	0.0	1.0	0.0	
407	0.0	0.0	0.0	0.9	0.1	
268	0.0	0.0	0.0	0.9	0.1	
20	0.0	0.0	0.0	0.4	0.6	
415	0.0	0.0	0.0	1.0	0.0	
391	0.0	0.0	0.0	0.6	0.4	
476	0.0	0.0	0.0	0.0	1.0	
598	0.0	0.0	0.0	1.0	0.0	
338	0.0	0.0	0.0	1.0	0.0	
110	0.0	0.0	0.0	0.7	0.3	
133	0.0	0.0	0.0	1.0	0.0	
423	0.0	0.0	0.0	1.0	0.0	
61	0.0	0.0	0.0	1.0	0.0	
270	0.0	0.0	0.0	1.0	0.0	
266	0.0	0.0	0.0	0.0	1.0	
450	0.0	0.0	0.0	0.9	0.1	
601	0.0	0.0	0.0	1.0	0.0	
454	0.0	0.0	0.0	0.8	0.2	
79	0.0	0.0	0.0	1.0	0.0	
31	0.0	0.0	0.0	0.0	1.0	
87	0.0	0.0	0.0	1.0	0.0	
280	0.0	0.0	0.0	1.0	0.0	
194	0.0	0.0	0.0	0.6	0.4	
373	0.0	0.9	0.0	0.0	0.1	
420	0.0	0.0	0.0	1.0	0.0	
287	0.0	0.0	0.0	1.0	0.0	
373	0.1	0.8	0.0	0.0	0.1	
235	0.8	0.0	0.0	0.0	0.2	
415	0.0	0.0	0.0	0.9	0.1	
313	0.0	0.0	0.0	0.2	0.8	
280	0.0	0.0	0.0	0.9	0.1	
291	0.0	0.0	0.0	1.0	0.0	
292	0.0	0.0	0.0	0.9	0.1	
245	0.0	0.0	0.0	0.4	0.6	
292	0.0	0.0	0.0	1.0	0.0	
391	0.0	0.0	0.0	0.7	0.3	
521	0.0	0.0	0.0	1.0	0.0	
123	0.0	0.0	0.0	1.0	0.0	
99	0.0	0.0	0.0	1.0	0.0	
96	0.0	0.0	0.0	0.8	0.2	
388	0.0	0.0	0.0	0.4	0.6	
199	0.0	0.0	0.0	0.9	0.1	
283	0.0	0.0	0.0	0.9	0.1	
172	0.0	0.0	0.0	1.0	0.0	
435	0.0	0.0	0.0	0.2	0.8	
466	0.0	0.0	0.0	1.0	0.0	
100	0.0	0.0	0.0	1.0	0.0	
348	0.0	0.0	0.0	1.0	0.0	
567	0.0	0.0	0.0	0.8	0.2	
46	0.0	0.0	0.0	0.9	0.1	
25	0.0	0.0	0.0	1.0	0.0	
367	0.0	0.0	0.0	0.8	0.2	
168	0.0	0.0	0.0	1.0	0.0	
266	0.0	0.1	0.0	0.0	0.9	
155	0.0	0.0	0.0	1.0	0.0	
25	0.0	0.0	0.0	1.0	0.0	
190	0.0	0.8	0.2	0.0	0.0	
58	0.0	0.0	0.0	1.0	0.0	
466	0.0	0.0	0.0	1.0	0.0	
155	0.0	0.0	0.0	1.0	0.0	
177	0.0	0.0	0.0	1.0	0.0	
304	0.0	0.0	0.0	0.9	0.1	
31	0.0	0.0	0.0	0.0	1.0	
471	0.0	0.0	0.0	1.0	0.0	
321	0.0	0.0	0.0	0.6	0.4	
4	0.0	0.0	0.0	0.9	0.1	
276	0.0	0.0	0.0	1.0	0.0	
114	0.0	0.0	0.0	0.8	0.2	
55	0.0	0.0	0.0	1.0	0.0	
451	0.0	0.0	0.0	1.0	0.0	
578	0.1	0.0	0.0	0.0	0.9	
586	0.0	0.0	0.0	1.0	0.0	
415	0.0	0.0	0.0	0.9	0.1	
398	0.0	0.0	0.0	0.9	0.1	
62	0.0	0.0	0.0	0.3	0.7	
363	0.0	0.0	0.0	1.0	0.0	
622	0.0	0.0	0.0	0.5	0.5	
199	0.0	0.0	0.0	1.0	0.0	
375	0.0	0.0	0.0	0.9	0.1	
265	0.0	0.0	0.0	0.2	0.8	
99	0.0	0.0	0.0	1.0	0.0	
321	0.0	0.0	0.0	0.9	0.1	
153	0.0	0.0	0.0	1.0	0.0	
598	0.0	0.0	0.0	1.0	0.0	
94	0.0	0.0	0.0	0.3	0.7	
237	0.1	0.0	0.0	0.7	0.2	
415	0.0	0.0	0.0	0.8	0.2	
474	0.0	0.0	0.0	1.0	0.0	
18	0.0	0.0	0.0	0.0	1.0	
188	0.0	0.0	0.0	1.0	0.0	
235	0.8	0.0	0.0	0.0	0.2	
297	0.0	0.0	0.0	0.9	0.1	
31	0.0	0.0	0.0	0.0	1.0	
557	0.0	0.0	0.0	1.0	0.0	
173	0.0	0.0	0.0	0.8	0.2	
302	0.0	0.0	0.1	0.0	0.9	
119	0.0	0.0	0.0	0.0	1.0	
29	0.0	0.0	0.0	1.0	0.0	
455	0.0	0.0	0.0	1.0	0.0	
22	0.0	0.0	0.0	0.2	0.8	
622	0.0	0.0	0.0	0.9	0.1	
266	0.0	0.2	0.0	0.0	0.8	
205	0.0	0.0	0.0	0.9	0.1	
168	0.0	0.0	0.0	1.0	0.0	
455	0.0	0.0	0.0	1.0	0.0	
492	0.0	0.0	0.0	1.0	0.0	
598	0.0	0.0	0.0	0.8	0.2	
440	0.0	0.0	0.0	1.0	0.0	
525	0.0	0.0	0.0	0.2	0.8	
45	0.0	0.0	0.0	1.0	0.0	
397	0.0	0.0	0.0	0.9	0.1	
94	0.0	0.0	0.0	0.0	1.0	
450	0.1	0.0	0.0	0.8	0.1	
153	0.0	0.0	0.0	1.0	0.0	
497	0.0	0.0	0.0	0.9	0.1	
601	0.0	0.0	0.0	1.0	0.0	
225	0.0	0.0	0.3	0.0	0.7	
82	0.0	0.0	0.0	0.1	0.9	
156	0.0	0.0	0.0	1.0	0.0	
156	0.0	0.0	0.0	1.0	0.0	
190	0.4	0.3	0.0	0.0	0.3	
471	0.0	0.0	0.0	1.0	0.0	
24	0.0	0.0	0.0	0.0	1.0	
266	0.0	0.0	0.0	0.0	1.0	
466	0.0	0.0	0.0	1.0	0.0	
466	0.0	0.0	0.0	1.0	0.0	
423	0.0	0.0	0.0	0.9	0.1	
494	0.1	0.0	0.0	0.6	0.3	
177	0.0	0.0	0.0	0.5	0.5	
237	0.3	0.1	0.0	0.0	0.6	
401	0.1	0.8	0.1	0.0	0.0	
354	0.0	0.0	0.0	0.8	0.2	
304	0.0	0.0	0.0	0.1	0.9	
561	0.0	0.0	0.0	1.0	0.0	
266	0.0	0.1	0.1	0.0	0.8	
94	0.0	0.0	0.0	0.2	0.8	
293	0.0	0.0	0.0	1.0	0.0	
598	0.0	0.0	0.0	0.5	0.5	
424	0.0	0.0	0.0	1.0	0.0	
601	0.0	0.0	0.0	1.0	0.0	
184	0.0	0.0	0.0	0.4	0.6	
373	0.3	0.6	0.0	0.0	0.1	
361	0.0	0.0	0.0	1.0	0.0	
133	0.0	0.0	0.0	1.0	0.0	
298	0.0	0.0	0.0	0.9	0.1	
258	0.0	0.0	0.0	0.7	0.3	
601	0.0	0.0	0.0	1.0	0.0	
55	0.0	0.0	0.0	1.0	0.0	
451	0.0	0.0	0.0	0.9	0.1	
352	0.0	0.0	0.0	0.9	0.1	
13	0.0	0.0	0.0	1.0	0.0	
602	0.0	0.0	0.0	1.0	0.0	
578	0.0	0.0	0.0	0.1	0.9	
58	0.0	0.0	0.0	1.0	0.0	
28	0.0	0.0	0.0	1.0	0.0	
455	0.0	0.0	0.0	1.0	0.0	
612	0.0	0.0	0.0	0.8	0.2	
407	0.0	0.0	0.0	1.0	0.0	
494	0.0	0.0	0.0	0.9	0.1	
61	0.0	0.0	0.0	0.9	0.1	
205	0.0	0.0	0.0	1.0	0.0	
375	0.0	0.0	0.0	1.0	0.0	
476	0.2	0.1	0.0	0.0	0.7	
415	0.0	0.0	0.0	1.0	0.0	
398	0.0	0.1	0.0	0.9	0.0	
194	0.0	0.0	0.0	0.8	0.2	
382	0.0	0.0	0.0	0.2	0.8	
305	0.2	0.0	0.0	0.0	0.8	
292	0.0	0.0	0.0	1.0	0.0	
188	0.0	0.0	0.0	1.0	0.0	
232	0.1	0.3	0.0	0.0	0.6	
232	0.1	0.5	0.0	0.0	0.4	
497	0.0	0.0	0.0	0.9	0.1	
423	0.0	0.0	0.0	1.0	0.0	
295	0.0	0.0	0.0	0.6	0.4	
207	0.0	0.0	0.0	1.0	0.0	
58	0.0	0.0	0.0	1.0	0.0	
133	0.0	0.0	0.0	0.8	0.2	
135	0.0	0.0	0.0	1.0	0.0	
79	0.0	0.0	0.0	1.0	0.0	
133	0.0	0.0	0.0	1.0	0.0	
29	0.0	0.0	0.0	1.0	0.0	
564	0.0	0.0	0.0	0.7	0.3	
115	0.0	0.0	0.0	1.0	0.0	
283	0.0	0.0	0.0	1.0	0.0	
22	0.0	0.0	0.0	0.0	1.0	
232	0.1	0.3	0.0	0.0	0.6	
361	0.0	0.0	0.0	1.0	0.0	
161	0.0	0.0	0.0	1.0	0.0	
231	0.0	0.0	0.0	1.0	0.0	
157	0.4	0.0	0.0	0.1	0.5	
99	0.0	0.0	0.0	0.9	0.1	
237	0.7	0.0	0.0	0.0	0.3	
95	0.0	0.0	0.0	1.0	0.0	
95	0.0	0.0	0.0	1.0	0.0	
213	0.0	0.0	0.0	1.0	0.0	
266	0.0	0.1	0.0	0.0	0.9	
373	0.1	0.0	0.0	0.2	0.7	
405	0.0	0.0	0.0	0.7	0.3	
183	0.0	0.0	0.0	0.8	0.2	
216	0.0	0.0	0.0	0.8	0.2	
352	0.0	0.0	0.0	1.0	0.0	
265	0.0	0.0	0.0	0.4	0.6	
524	0.0	0.0	0.0	1.0	0.0	
395	0.0	0.0	0.0	0.9	0.1	
58	0.0	0.0	0.0	0.9	0.1	
98	0.0	0.0	0.0	1.0	0.0	
213	0.0	0.0	0.0	0.8	0.2	
423	0.0	0.0	0.0	0.9	0.1	
348	0.0	0.0	0.0	1.0	0.0	
73	0.0	0.0	0.0	0.4	0.6	
287	0.0	0.0	0.0	1.0	0.0	
199	0.0	0.0	0.0	0.9	0.1	
140	0.0	0.0	0.0	0.4	0.6	
281	0.0	0.0	0.1	0.2	0.7	
401	0.0	0.0	0.8	0.0	0.2	
493	0.0	0.0	0.0	1.0	0.0	
554	0.0	0.1	0.7	0.0	0.2	
586	0.0	0.0	0.0	1.0	0.0	
594	0.0	0.0	0.0	1.0	0.0	
266	0.0	0.0	0.0	0.0	1.0	
99	0.0	0.0	0.0	1.0	0.0	
153	0.0	0.0	0.0	0.8	0.2	
427	0.0	0.0	0.0	1.0	0.0	
302	0.0	0.0	0.0	0.1	0.9	
340	0.0	0.0	0.0	0.0	1.0	
205	0.0	0.0	0.0	0.9	0.1	
554	0.1	0.0	0.3	0.2	0.4	
4	0.0	0.0	0.0	0.9	0.1	
168	0.0	0.0	0.0	1.0	0.0	
554	0.0	0.0	0.9	0.0	0.1	
295	0.1	0.0	0.0	0.5	0.4	
554	0.1	0.2	0.3	0.0	0.4	
99	0.0	0.0	0.0	1.0	0.0	
470	0.0	0.0	0.0	0.8	0.2	
471	0.0	0.0	0.0	1.0	0.0	
338	0.0	0.0	0.0	1.0	0.0	
612	0.0	0.0	0.0	0.8	0.2	
172	0.0	0.0	0.0	1.0	0.0	
205	0.0	0.0	0.0	0.7	0.3	
29	0.0	0.0	0.0	1.0	0.0	
98	0.0	0.0	0.0	1.0	0.0	
561	0.0	0.0	0.0	1.0	0.0	
136	0.0	0.0	0.0	1.0	0.0	
4	0.0	0.0	0.0	1.0	0.0	
172	0.0	0.0	0.0	0.9	0.1	
450	0.0	0.0	0.0	1.0	0.0	
58	0.0	0.0	0.0	1.0	0.0	
524	0.0	0.0	0.0	1.0	0.0	
156	0.0	0.0	0.0	0.9	0.1	
340	0.0	0.1	0.0	0.2	0.7	
280	0.0	0.0	0.0	1.0	0.0	
86	0.0	0.0	0.0	0.3	0.7	
157	0.3	0.0	0.1	0.3	0.3	
475	0.0	0.0	0.0	0.8	0.2	
168	0.0	0.0	0.0	1.0	0.0	
110	0.0	0.0	0.0	0.7	0.3	
592	0.0	0.0	0.0	0.9	0.1	
366	0.0	0.0	0.0	0.9	0.1	
382	0.0	0.0	0.0	0.0	1.0	
497	0.0	0.0	0.0	1.0	0.0	
133	0.0	0.0	0.0	0.9	0.1	
602	0.0	0.0	0.0	1.0	0.0	
183	0.0	0.0	0.0	0.5	0.5	
405	0.0	0.0	0.0	0.6	0.4	
96	0.0	0.0	0.0	1.0	0.0	
82	0.0	0.0	0.0	0.2	0.8	
188	0.0	0.0	0.0	1.0	0.0	
435	0.0	0.0	0.0	0.2	0.8	
564	0.0	0.0	0.0	0.2	0.8	
430	0.0	0.0	0.0	1.0	0.0	
306	0.0	0.0	0.0	1.0	0.0	
391	0.0	0.0	0.0	0.9	0.1	
31	0.0	0.1	0.0	0.0	0.9	
25	0.0	0.0	0.0	0.9	0.1	
313	0.1	0.1	0.0	0.3	0.5	
490	0.0	0.0	0.0	0.0	1.0	
281	0.1	0.0	0.1	0.0	0.8	
54	0.0	0.0	0.0	1.0	0.0	
205	0.0	0.0	0.0	0.5	0.5	
232	0.1	0.0	0.1	0.0	0.8	
254	0.0	0.0	0.0	0.7	0.3	
598	0.0	0.0	0.0	1.0	0.0	
482	0.1	0.1	0.6	0.1	0.1	
31	0.0	0.0	0.1	0.2	0.7	
601	0.0	0.0	0.0	1.0	0.0	
561	0.0	0.0	0.0	1.0	0.0	
305	0.1	0.0	0.0	0.1	0.8	
177	0.0	0.0	0.0	1.0	0.0	
114	0.0	0.0	0.0	1.0	0.0	
13	0.0	0.0	0.0	0.9	0.1	
162	0.0	0.0	0.0	1.0	0.0	
133	0.0	0.0	0.0	0.9	0.1	
361	0.0	0.0	0.0	1.0	0.0	
324	0.1	0.0	0.0	0.7	0.2	
133	0.0	0.0	0.0	1.0	0.0	
401	0.0	0.4	0.4	0.0	0.2	
158	0.0	0.0	0.0	0.9	0.1	
471	0.0	0.0	0.0	1.0	0.0	
601	0.0	0.0	0.0	1.0	0.0	
283	0.0	0.0	0.0	1.0	0.0	
602	0.0	0.0	0.0	1.0	0.0	
171	0.0	0.0	0.0	0.1	0.9	
521	0.0	0.0	0.0	1.0	0.0	
235	0.8	0.0	0.0	0.0	0.2	
495	0.0	0.0	0.0	0.9	0.1	
24	0.0	0.0	0.0	1.0	0.0	
400	0.0	0.0	0.0	1.0	0.0	
270	0.0	0.0	0.0	1.0	0.0	
540	0.0	0.0	0.0	1.0	0.0	
448	0.0	0.0	0.0	0.0	1.0	
182	0.0	0.0	0.0	0.8	0.2	
72	0.0	0.0	0.0	1.0	0.0	
367	0.0	0.0	0.0	0.3	0.7	
293	0.0	0.0	0.0	0.9	0.1	
451	0.0	0.0	0.0	1.0	0.0	
401	0.0	0.6	0.4	0.0	0.0	
171	0.0	0.0	0.1	0.0	0.9	
235	0.4	0.0	0.0	0.0	0.6	
215	0.0	0.0	0.0	1.0	0.0	
177	0.0	0.0	0.0	1.0	0.0	
53	0.0	0.0	0.0	0.8	0.2	
554	0.3	0.0	0.6	0.1	0.0	
162	0.0	0.0	0.0	1.0	0.0	
133	0.0	0.0	0.0	0.9	0.1	
291	0.0	0.0	0.0	1.0	0.0	
512	0.0	0.0	0.0	1.0	0.0	
622	0.0	0.0	0.0	0.9	0.1	
379	0.0	0.0	0.0	0.5	0.5	
375	0.0	0.0	0.0	1.0	0.0	
31	0.0	0.0	0.0	0.0	1.0	
338	0.0	0.0	0.0	1.0	0.0	
598	0.0	0.0	0.0	0.9	0.1	
205	0.0	0.0	0.0	1.0	0.0	
262	0.0	0.0	0.0	0.6	0.4	
20	0.0	0.0	0.0	0.9	0.1	
99	0.0	0.0	0.0	1.0	0.0	
410	0.1	0.1	0.3	0.0	0.5	
22	0.1	0.0	0.0	0.0	0.9	
4	0.0	0.0	0.0	1.0	0.0	
292	0.0	0.0	0.0	1.0	0.0	
394	0.0	0.0	0.0	1.0	0.0	
592	0.0	0.0	0.0	1.0	0.0	
31	0.0	0.0	0.0	0.0	1.0	
472	0.0	0.0	0.0	0.2	0.8	
527	0.0	0.0	0.0	1.0	0.0	
490	0.1	0.0	0.0	0.0	0.9	
291	0.0	0.0	0.0	1.0	0.0	
188	0.0	0.0	0.0	1.0	0.0	
205	0.0	0.0	0.0	1.0	0.0	
495	0.0	0.0	0.0	0.7	0.3	
208	0.0	0.0	0.0	0.9	0.1	
58	0.0	0.0	0.0	1.0	0.0	
529	0.0	0.0	0.0	1.0	0.0	
231	0.0	0.0	0.0	0.9	0.1	
606	0.0	0.0	0.0	0.7	0.3	
55	0.0	0.0	0.0	1.0	0.0	
601	0.0	0.0	0.0	0.9	0.1	
31	0.1	0.1	0.1	0.0	0.7	
21	0.0	0.0	0.0	0.8	0.2	
179	0.0	0.0	0.0	1.0	0.0	
121	0.0	0.0	0.0	0.9	0.1	
494	0.0	0.0	0.0	1.0	0.0	
177	0.0	0.0	0.0	1.0	0.0	
398	0.0	0.0	0.0	1.0	0.0	
225	0.1	0.3	0.0	0.0	0.6	
587	0.1	0.0	0.0	0.3	0.6	
415	0.0	0.0	0.0	0.9	0.1	
407	0.1	0.0	0.0	0.8	0.1	
335	0.0	0.0	0.0	1.0	0.0	
164	0.0	0.0	0.0	0.0	1.0	
313	0.0	0.0	0.0	0.8	0.2	
164	0.0	0.0	0.0	0.1	0.9	
190	0.0	1.0	0.0	0.0	0.0	
225	0.1	0.0	0.1	0.0	0.8	
404	0.1	0.0	0.0	0.9	0.0	
164	0.0	0.0	0.0	0.1	0.9	
194	0.1	0.0	0.0	0.9	0.0	
339	0.0	0.0	0.0	0.2	0.8	
379	0.0	0.0	0.0	0.8	0.2	
225	0.1	0.3	0.1	0.0	0.5	
521	0.0	0.0	0.0	1.0	0.0	
205	0.0	0.0	0.0	0.9	0.1	
72	0.0	0.1	0.0	0.9	0.0	
484	0.0	0.0	0.0	0.1	0.9	
415	0.0	0.0	0.0	1.0	0.0	
528	0.0	0.0	0.0	0.7	0.3	
140	0.1	0.0	0.0	0.0	0.9	
225	0.0	0.2	0.0	0.0	0.8	
99	0.0	0.0	0.0	0.8	0.2	
529	0.0	0.0	0.0	0.9	0.1	
601	0.0	0.0	0.0	1.0	0.0	
142	0.0	0.0	0.0	0.9	0.1	
601	0.0	0.0	0.0	0.9	0.1	
608	0.2	0.0	0.0	0.8	0.0	
136	0.0	0.0	0.0	1.0	0.0	
266	0.0	0.0	0.0	0.0	1.0	
262	0.0	0.0	0.0	0.3	0.7	
281	0.0	0.0	0.1	0.1	0.8	
602	0.0	0.0	0.0	1.0	0.0	
501	0.0	0.0	0.0	0.8	0.2	
305	0.1	0.0	0.0	0.4	0.5	
546	0.0	0.0	0.0	0.9	0.1	
21	0.1	0.0	0.0	0.8	0.1	
554	0.0	0.1	0.8	0.0	0.1	
92	0.0	0.0	0.0	0.0	1.0	
3	0.0	0.0	0.0	0.8	0.2	
622	0.0	0.0	0.0	0.8	0.2	
298	0.0	0.0	0.0	1.0	0.0	
293	0.0	0.0	0.0	0.9	0.1	
158	0.0	0.0	0.0	1.0	0.0	
83	0.4	0.0	0.0	0.0	0.6	
29	0.0	0.0	0.0	0.9	0.1	
170	0.0	0.0	0.0	1.0	0.0	
568	0.0	0.0	0.0	1.0	0.0	
612	0.0	0.0	0.0	1.0	0.0	
394	0.0	0.0	0.0	1.0	0.0	
45	0.0	0.0	0.0	1.0	0.0	
291	0.0	0.0	0.0	1.0	0.0	
501	0.0	0.0	0.0	1.0	0.0	
155	0.0	0.0	0.0	1.0	0.0	
474	0.0	0.0	0.0	0.9	0.1	
231	0.0	0.0	0.0	0.7	0.3	
86	0.0	0.0	0.0	0.0	1.0	
415	0.0	0.0	0.0	1.0	0.0	
272	0.0	0.0	0.0	0.8	0.2	
242	0.0	0.0	0.0	1.0	0.0	
203	0.0	0.0	0.1	0.1	0.8	
110	0.0	0.0	0.0	0.9	0.1	
432	0.0	0.0	0.0	0.0	1.0	
206	0.0	0.0	0.0	0.2	0.8	
266	0.1	0.2	0.0	0.1	0.6	
100	0.0	0.0	0.0	1.0	0.0	
153	0.0	0.0	0.0	0.6	0.4	
369	0.0	0.0	0.0	0.7	0.3	
58	0.0	0.0	0.0	1.0	0.0	
354	0.0	0.0	0.0	1.0	0.0	
283	0.0	0.0	0.0	1.0	0.0	
388	0.0	0.0	0.0	0.2	0.8	
622	0.0	0.0	0.0	0.7	0.3	
98	0.0	0.0	0.0	0.9	0.1	
173	0.0	0.0	0.0	1.0	0.0	
266	0.1	0.1	0.0	0.0	0.8	
373	0.0	1.0	0.0	0.0	0.0	
203	0.0	0.0	0.0	0.3	0.7	
608	0.0	0.0	0.0	1.0	0.0	
471	0.0	0.0	0.0	1.0	0.0	
366	0.0	0.0	0.0	0.9	0.1	
622	0.0	0.0	0.0	0.7	0.3	
242	0.0	0.0	0.0	1.0	0.0	
448	0.0	0.1	0.0	0.4	0.5	
465	0.0	0.0	0.0	1.0	0.0	
450	0.0	0.0	0.0	1.0	0.0	
404	0.0	0.0	0.0	0.7	0.3	
602	0.0	0.0	0.0	1.0	0.0	
158	0.0	0.0	0.0	0.9	0.1	
528	0.0	0.0	0.0	1.0	0.0	
87	0.0	0.0	0.0	1.0	0.0	
232	0.0	0.1	0.0	0.0	0.9	
567	0.0	0.0	0.0	0.5	0.5	
31	0.0	0.0	0.0	0.0	1.0	
135	0.0	0.0	0.0	1.0	0.0	
471	0.0	0.0	0.0	1.0	0.0	
177	0.0	0.0	0.0	0.9	0.1	
295	0.0	0.0	0.0	0.1	0.9	
287	0.0	0.0	0.0	0.9	0.1	
361	0.0	0.0	0.0	0.9	0.1	
194	0.0	0.0	0.0	0.7	0.3	
335	0.0	0.0	0.0	1.0	0.0	
266	0.0	0.0	0.0	0.0	1.0	
237	0.1	0.0	0.0	0.7	0.2	
367	0.0	0.0	0.0	0.6	0.4	
280	0.0	0.0	0.0	1.0	0.0	
490	0.1	0.0	0.0	0.0	0.9	
25	0.0	0.0	0.0	0.9	0.1	
292	0.0	0.0	0.0	1.0	0.0	
53	0.0	0.0	0.0	0.9	0.1	
29	0.0	0.0	0.0	1.0	0.0	
474	0.0	0.0	0.0	1.0	0.0	
420	0.0	0.0	0.0	1.0	0.0	
20	0.0	0.0	0.0	0.3	0.7	
528	0.0	0.0	0.0	1.0	0.0	
29	0.0	0.0	0.0	1.0	0.0	
205	0.0	0.0	0.0	0.8	0.2	
170	0.0	0.0	0.0	1.0	0.0	
100	0.0	0.0	0.0	1.0	0.0	
592	0.0	0.0	0.0	0.9	0.1	
476	0.0	0.0	0.0	0.0	1.0	
521	0.1	0.0	0.0	0.9	0.0	
205	0.1	0.0	0.0	0.9	0.0	
450	0.0	0.0	0.0	0.5	0.5	
382	0.0	0.0	0.0	0.4	0.6	
124	0.0	0.0	0.0	0.0	1.0	
173	0.0	0.0	0.0	0.9	0.1	
136	0.0	0.0	0.0	0.9	0.1	
354	0.0	0.0	0.0	1.0	0.0	
493	0.0	0.0	0.0	1.0	0.0	
568	0.0	0.0	0.0	0.8	0.2	
401	0.0	0.7	0.3	0.0	0.0	
292	0.0	0.0	0.0	1.0	0.0	
501	0.0	0.0	0.0	1.0	0.0	
155	0.0	0.0	0.0	1.0	0.0	
14	0.0	0.0	0.0	0.5	0.5	
539	0.0	0.0	0.0	1.0	0.0	
274	0.0	0.0	0.0	0.9	0.1	
395	0.0	0.0	0.0	1.0	0.0	
251	0.1	0.0	0.0	0.9	0.0	
272	0.0	0.0	0.0	0.8	0.2	
29	0.0	0.0	0.0	1.0	0.0	
369	0.0	0.0	0.0	1.0	0.0	
382	0.0	0.0	0.0	0.1	0.9	
417	0.0	0.0	0.0	0.8	0.2	
292	0.0	0.0	0.0	1.0	0.0	
283	0.0	0.0	0.0	1.0	0.0	
598	0.0	0.0	0.0	0.8	0.2	
465	0.0	0.0	0.0	0.6	0.4	
410	0.1	0.2	0.2	0.0	0.5	
54	0.0	0.0	0.0	1.0	0.0	
213	0.0	0.0	0.0	0.9	0.1	
293	0.0	0.0	0.0	1.0	0.0	
111	0.0	0.0	0.0	0.9	0.1	
379	0.0	0.0	0.0	0.9	0.1	
592	0.0	0.0	0.0	0.9	0.1	
153	0.0	0.0	0.0	0.9	0.1	
321	0.1	0.0	0.0	0.2	0.7	
609	0.0	0.0	0.0	1.0	0.0	
95	0.0	0.0	0.0	0.4	0.6	
342	0.0	0.0	0.0	0.8	0.2	
601	0.0	0.0	0.0	1.0	0.0	
136	0.0	0.0	0.0	1.0	0.0	
140	0.0	0.0	0.0	0.1	0.9	
266	0.0	0.1	0.0	0.0	0.9	
266	0.0	0.0	0.0	0.0	1.0	
205	0.0	0.0	0.0	1.0	0.0	
13	0.0	0.0	0.0	0.8	0.2	
188	0.0	0.0	0.0	1.0	0.0	
13	0.0	0.0	0.0	1.0	0.0	
156	0.0	0.0	0.0	1.0	0.0	
495	0.0	0.0	0.0	1.0	0.0	
158	0.0	0.0	0.0	0.9	0.1	
229	0.0	0.0	0.0	0.9	0.1	
133	0.0	0.0	0.0	0.6	0.4	
265	0.0	0.0	0.0	0.3	0.7	
57	0.0	0.0	0.0	1.0	0.0	
420	0.0	0.0	0.0	1.0	0.0	
472	0.0	0.0	0.0	0.6	0.4	
465	0.0	0.0	0.0	1.0	0.0	
133	0.0	0.0	0.0	1.0	0.0	
279	0.0	0.0	0.0	0.7	0.3	
454	0.0	0.0	0.0	1.0	0.0	
28	0.0	0.0	0.0	1.0	0.0	
476	0.0	0.0	0.0	0.0	1.0	
448	0.0	0.0	0.0	0.0	1.0	
369	0.0	0.0	0.0	1.0	0.0	
559	0.0	0.0	0.0	1.0	0.0	
366	0.0	0.0	0.0	0.9	0.1	
321	0.0	0.0	0.0	1.0	0.0	
496	0.0	0.0	0.0	1.0	0.0	
395	0.0	0.0	0.0	1.0	0.0	
235	1.0	0.0	0.0	0.0	0.0	
450	0.0	0.0	0.0	1.0	0.0	
194	0.0	0.0	0.0	0.5	0.5	
133	0.0	0.0	0.0	1.0	0.0	
404	0.0	0.0	0.0	0.9	0.1	
375	0.0	0.0	0.0	1.0	0.0	
529	0.0	0.0	0.0	1.0	0.0	
608	0.2	0.0	0.0	0.8	0.0	
622	0.0	0.0	0.0	0.5	0.5	
415	0.0	0.0	0.0	0.8	0.2	
281	0.0	0.0	0.0	0.3	0.7	
342	0.0	0.0	0.0	0.8	0.2	
564	0.1	0.0	0.0	0.0	0.9	
229	0.0	0.0	0.0	1.0	0.0	
194	0.0	0.0	0.0	0.8	0.2	
315	0.0	0.0	0.0	0.9	0.1	
45	0.0	0.0	0.0	1.0	0.0	
357	0.0	0.0	0.0	1.0	0.0	
450	0.0	0.0	0.0	1.0	0.0	
270	0.0	0.0	0.0	1.0	0.0	
306	0.0	0.0	0.0	1.0	0.0	
133	0.0	0.0	0.0	0.9	0.1	
233	0.0	0.0	0.0	0.9	0.1	
256	0.0	0.0	0.0	0.0	1.0	
171	0.1	0.0	0.0	0.3	0.6	
601	0.0	0.0	0.0	1.0	0.0	
490	0.1	0.0	0.0	0.0	0.9	
606	0.0	0.0	0.0	0.6	0.4	
21	0.0	0.0	0.0	0.7	0.3	
401	0.0	1.0	0.0	0.0	0.0	
20	0.0	0.0	0.0	0.9	0.1	
156	0.0	0.0	0.0	0.8	0.2	
194	0.0	0.0	0.0	0.5	0.5	
466	0.0	0.0	0.0	1.0	0.0	
213	0.0	0.0	0.0	1.0	0.0	
490	0.0	0.0	0.0	0.3	0.7	
382	0.0	0.0	0.0	0.0	1.0	
497	0.0	0.0	0.0	1.0	0.0	
435	0.0	0.0	0.0	0.4	0.6	
521	0.0	0.0	0.0	1.0	0.0	
213	0.0	0.0	0.0	0.9	0.1	
161	0.0	0.0	0.0	0.9	0.1	
324	0.0	0.0	0.0	1.0	0.0	
495	0.0	0.0	0.0	1.0	0.0	
431	0.2	0.0	0.0	0.3	0.5	
495	0.0	0.0	0.0	1.0	0.0	
493	0.0	0.0	0.0	1.0	0.0	
405	0.0	0.0	0.0	1.0	0.0	
398	0.0	0.0	0.0	1.0	0.0	
448	0.0	0.0	0.0	0.4	0.6	
414	0.0	0.0	0.0	1.0	0.0	
382	0.0	0.0	0.0	0.4	0.6	
14	0.0	0.0	0.0	0.9	0.1	
304	0.0	0.0	0.0	0.9	0.1	
398	0.0	0.0	0.0	1.0	0.0	
87	0.0	0.0	0.0	1.0	0.0	
400	0.0	0.0	0.0	1.0	0.0	
559	0.0	0.0	0.0	0.9	0.1	
71	0.0	0.0	0.0	0.9	0.1	
266	0.0	0.0	0.0	0.0	1.0	
205	0.0	0.0	0.0	1.0	0.0	
232	0.0	0.0	0.0	0.0	1.0	
231	0.0	0.0	0.0	1.0	0.0	
554	0.0	0.5	0.5	0.0	0.0	
158	0.0	0.0	0.0	1.0	0.0	
25	0.0	0.0	0.0	1.0	0.0	
471	0.0	0.0	0.0	0.9	0.1	
29	0.0	0.0	0.0	1.0	0.0	
31	0.0	0.0	0.0	0.0	1.0	
536	0.0	0.0	0.0	1.0	0.0	
114	0.0	0.0	0.0	1.0	0.0	
266	0.0	0.0	0.0	0.2	0.8	
427	0.0	0.0	0.0	0.9	0.1	
281	0.0	0.0	0.0	0.1	0.9	
115	0.0	0.0	0.0	1.0	0.0	
23	0.0	0.0	0.0	0.1	0.9	
450	0.0	0.0	0.0	1.0	0.0	
4	0.0	0.0	0.0	0.9	0.1	
304	0.0	0.0	0.0	0.5	0.5	
338	0.0	0.0	0.0	1.0	0.0	
168	0.0	0.0	0.0	1.0	0.0	
402	0.0	0.0	0.0	1.0	0.0	
466	0.0	0.0	0.0	1.0	0.0	
31	0.0	0.1	0.0	0.0	0.9	
134	0.0	0.0	0.0	0.8	0.2	
297	0.0	0.0	0.0	0.9	0.1	
169	0.0	0.0	0.0	0.9	0.1	
283	0.0	0.0	0.0	1.0	0.0	
266	0.0	0.0	0.0	0.0	1.0	
482	0.1	0.0	0.0	0.7	0.2	
401	0.0	0.9	0.1	0.0	0.0	
283	0.0	0.0	0.0	1.0	0.0	
524	0.0	0.0	0.0	1.0	0.0	
232	0.0	0.3	0.0	0.0	0.7	
30	0.0	0.0	0.0	0.0	1.0	
405	0.0	0.0	0.0	1.0	0.0	
348	0.0	0.0	0.0	1.0	0.0	
432	0.0	0.0	0.0	0.1	0.9	
114	0.0	0.0	0.0	1.0	0.0	
559	0.0	0.0	0.0	1.0	0.0	
419	0.0	0.0	0.0	1.0	0.0	
382	0.0	0.0	0.0	0.1	0.9	
52	0.0	0.0	0.0	0.4	0.6	
29	0.0	0.0	0.0	1.0	0.0	
158	0.0	0.0	0.0	0.9	0.1	
348	0.0	0.0	0.0	0.8	0.2	
266	0.1	0.0	0.1	0.2	0.6	
83	0.3	0.0	0.0	0.0	0.7	
110	0.0	0.0	0.0	0.6	0.4	
559	0.0	0.0	0.0	1.0	0.0	
266	0.0	0.1	0.2	0.0	0.7	
262	0.0	0.0	0.0	0.9	0.1	
237	0.5	0.1	0.0	0.0	0.4	
601	0.0	0.0	0.0	1.0	0.0	
482	0.1	0.0	0.3	0.4	0.2	
292	0.0	0.0	0.0	1.0	0.0	
235	1.0	0.0	0.0	0.0	0.0	
215	0.0	0.0	0.0	0.9	0.1	
373	0.0	0.9	0.0	0.0	0.1	
25	0.0	0.0	0.0	1.0	0.0	
382	0.1	0.0	0.0	0.1	0.8	
205	0.0	0.0	0.0	1.0	0.0	
232	0.2	0.3	0.1	0.0	0.4	
115	0.0	0.0	0.0	1.0	0.0	
454	0.0	0.0	0.0	1.0	0.0	
182	0.0	0.0	0.0	1.0	0.0	
382	0.1	0.0	0.0	0.0	0.9	
529	0.0	0.0	0.0	0.8	0.2	
375	0.0	0.0	0.0	1.0	0.0	
31	0.0	0.0	0.0	0.0	1.0	
25	0.0	0.0	0.0	1.0	0.0	
283	0.0	0.0	0.0	1.0	0.0	
578	0.0	0.0	0.0	0.1	0.9	
340	0.3	0.0	0.0	0.2	0.5	
393	0.0	0.0	0.0	0.2	0.8	
493	0.0	0.0	0.0	0.9	0.1	
20	0.0	0.0	0.0	0.8	0.2	
382	0.1	0.0	0.0	0.5	0.4	
432	0.0	0.0	0.0	0.2	0.8	
602	0.0	0.0	0.0	1.0	0.0	
174	0.0	0.0	0.0	0.2	0.8	
94	0.0	0.0	0.0	0.1	0.9	
79	0.0	0.0	0.0	1.0	0.0	
586	0.0	0.0	0.0	0.9	0.1	
450	0.0	0.0	0.0	1.0	0.0	
295	0.0	0.0	0.0	0.9	0.1	
293	0.0	0.0	0.0	0.8	0.2	
512	0.0	0.0	0.0	0.8	0.2	
281	0.0	0.0	0.0	0.1	0.9	
31	0.0	0.0	0.0	0.0	1.0	
338	0.0	0.0	0.0	0.8	0.2	
601	0.0	0.0	0.0	1.0	0.0	
183	0.0	0.0	0.0	0.6	0.4	
400	0.0	0.0	0.0	1.0	0.0	
181	0.0	0.0	0.0	1.0	0.0	
448	0.0	0.0	0.0	0.5	0.5	
316	0.0	0.0	0.0	0.8	0.2	
302	0.0	0.0	0.0	0.1	0.9	
31	0.0	0.0	0.0	0.0	1.0	
271	0.0	0.0	0.0	1.0	0.0	
293	0.0	0.0	0.0	1.0	0.0	
213	0.0	0.0	0.0	1.0	0.0	
241	0.0	0.0	0.0	0.9	0.1	
401	0.2	0.2	0.2	0.1	0.3	
612	0.0	0.0	0.0	1.0	0.0	
133	0.0	0.0	0.0	1.0	0.0	
9	0.0	0.0	0.0	0.0	1.0	
528	0.0	0.0	0.0	0.9	0.1	
295	0.1	0.0	0.0	0.7	0.2	
403	0.0	0.0	0.0	1.0	0.0	
415	0.0	0.0	0.0	1.0	0.0	
450	0.0	0.0	0.0	0.9	0.1	
155	0.0	0.0	0.0	0.6	0.4	
536	0.0	0.0	0.0	1.0	0.0	
352	0.0	0.0	0.0	1.0	0.0	
601	0.0	0.0	0.0	1.0	0.0	
31	0.0	0.0	0.0	0.0	1.0	
190	0.3	0.2	0.1	0.0	0.4	
44	0.0	0.0	0.0	0.6	0.4	
606	0.0	0.0	0.0	0.7	0.3	
272	0.0	0.0	0.0	0.6	0.4	
237	0.1	0.0	0.0	0.0	0.9	
110	0.0	0.0	0.0	1.0	0.0	
111	0.0	0.0	0.0	1.0	0.0	
450	0.0	0.0	0.0	0.9	0.1	
256	0.0	0.0	0.0	0.4	0.6	
398	0.0	0.0	0.0	1.0	0.0	
382	0.0	0.0	0.0	0.2	0.8	
283	0.0	0.0	0.0	1.0	0.0	
25	0.0	0.0	0.0	1.0	0.0	
342	0.0	0.0	0.0	0.4	0.6	
471	0.0	0.0	0.0	1.0	0.0	
20	0.0	0.0	0.0	0.9	0.1	
415	0.0	0.0	0.0	0.9	0.1	
78	0.0	0.0	0.0	0.8	0.2	
382	0.1	0.0	0.0	0.0	0.9	
68	0.0	0.0	0.0	1.0	0.0	
609	0.0	0.0	0.0	0.5	0.5	
338	0.0	0.0	0.0	1.0	0.0	
466	0.0	0.0	0.0	1.0	0.0	
540	0.0	0.0	0.0	1.0	0.0	
265	0.0	0.0	0.0	0.4	0.6	
401	0.0	0.9	0.1	0.0	0.0	
432	0.0	0.0	0.0	0.1	0.9	
557	0.0	0.0	0.0	1.0	0.0	
482	0.6	0.0	0.1	0.0	0.3	
9	0.0	0.0	0.0	0.1	0.9	
177	0.0	0.0	0.0	1.0	0.0	
295	0.0	0.0	0.0	0.3	0.7	
471	0.0	0.0	0.0	1.0	0.0	
20	0.1	0.0	0.0	0.2	0.7	
266	0.1	0.0	0.0	0.0	0.9	
71	0.0	0.0	0.0	0.8	0.2	
602	0.0	0.0	0.0	0.8	0.2	
173	0.0	0.0	0.0	1.0	0.0	
392	0.0	0.0	0.0	0.4	0.6	
392	0.0	0.0	0.0	1.0	0.0	
293	0.0	0.0	0.0	1.0	0.0	
179	0.0	0.0	0.0	1.0	0.0	
281	0.0	0.0	0.0	0.2	0.8	
13	0.0	0.0	0.0	0.9	0.1	
335	0.0	0.0	0.0	1.0	0.0	
612	0.0	0.0	0.0	0.9	0.1	
164	0.0	0.0	0.0	0.1	0.9	
193	0.0	0.0	0.0	0.9	0.1	
156	0.0	0.0	0.0	1.0	0.0	
561	0.1	0.0	0.1	0.5	0.3	
266	0.0	0.0	0.0	0.0	1.0	
21	0.0	0.0	0.0	1.0	0.0	
335	0.0	0.0	0.0	1.0	0.0	
142	0.0	0.0	0.0	0.8	0.2	
291	0.0	0.0	0.0	1.0	0.0	
157	0.6	0.0	0.0	0.1	0.3	
29	0.0	0.0	0.0	1.0	0.0	
53	0.0	0.0	0.0	0.8	0.2	
188	0.0	0.0	0.0	1.0	0.0	
68	0.0	0.0	0.0	1.0	0.0	
339	0.0	0.0	0.0	0.2	0.8	
160	0.0	0.0	0.0	1.0	0.0	
13	0.0	0.0	0.0	1.0	0.0	
14	0.0	0.0	0.0	0.8	0.2	
177	0.0	0.0	0.0	1.0	0.0	
524	0.0	0.0	0.0	0.9	0.1	
21	0.0	0.0	0.0	0.9	0.1	
87	0.0	0.0	0.0	1.0	0.0	
446	0.0	0.0	0.0	1.0	0.0	
402	0.0	0.0	0.0	1.0	0.0	
115	0.0	0.0	0.0	0.9	0.1	
505	0.0	0.0	0.0	1.0	0.0	
140	0.0	0.0	0.0	0.3	0.7	
451	0.0	0.0	0.0	1.0	0.0	
119	0.0	0.0	0.0	0.5	0.5	
366	0.0	0.0	0.0	1.0	0.0	
405	0.0	0.0	0.0	1.0	0.0	
87	0.0	0.0	0.0	1.0	0.0	
124	0.0	0.0	0.0	0.3	0.7	
598	0.0	0.0	0.0	1.0	0.0	
523	0.0	0.0	0.0	0.3	0.7	
521	0.0	0.0	0.0	1.0	0.0	
546	0.0	0.0	0.0	1.0	0.0	
417	0.0	0.0	0.0	1.0	0.0	
303	0.0	0.0	0.0	0.9	0.1	
598	0.0	0.0	0.0	1.0	0.0	
98	0.0	0.0	0.0	1.0	0.0	
379	0.0	0.0	0.0	0.8	0.2	
524	0.0	0.0	0.0	1.0	0.0	
188	0.0	0.0	0.0	1.0	0.0	
478	0.0	0.0	0.0	0.3	0.7	
13	0.0	0.0	0.0	1.0	0.0	
455	0.0	0.0	0.0	0.9	0.1	
379	0.0	0.0	0.0	0.9	0.1	
492	0.0	0.0	0.0	1.0	0.0	
448	0.0	0.0	0.0	0.2	0.8	
602	0.0	0.0	0.0	0.9	0.1	
43	0.0	0.0	0.0	1.0	0.0	
559	0.0	0.0	0.0	0.9	0.1	
190	0.0	0.7	0.2	0.0	0.1	
225	0.0	0.0	0.1	0.0	0.9	
52	0.0	0.0	0.0	0.6	0.4	
124	0.0	0.0	0.0	0.4	0.6	
172	0.0	0.0	0.0	1.0	0.0	
379	0.0	0.0	0.0	0.9	0.1	
295	0.0	0.0	0.0	0.5	0.5	
377	0.0	0.0	0.0	1.0	0.0	
398	0.0	0.0	0.0	1.0	0.0	
415	0.0	0.0	0.0	0.9	0.1	
415	0.0	0.0	0.0	0.6	0.4	
61	0.0	0.0	0.0	0.7	0.3	
265	0.0	0.0	0.0	0.2	0.8	
495	0.0	0.0	0.0	1.0	0.0	
400	0.0	0.0	0.0	1.0	0.0	
415	0.0	0.0	0.0	1.0	0.0	
26	0.0	0.0	0.0	1.0	0.0	
231	0.0	0.0	0.0	1.0	0.0	
237	0.7	0.0	0.0	0.2	0.1	
171	0.0	0.0	0.0	0.0	1.0	
324	0.0	0.0	0.0	1.0	0.0	
476	0.0	0.0	0.0	0.0	1.0	
521	0.0	0.0	0.0	1.0	0.0	
283	0.0	0.0	0.0	0.8	0.2	
205	0.0	0.0	0.0	1.0	0.0	
242	0.0	0.0	0.0	1.0	0.0	
95	0.0	0.0	0.0	0.7	0.3	
559	0.0	0.0	0.0	0.9	0.1	
135	0.0	0.0	0.0	1.0	0.0	
291	0.0	0.0	0.0	1.0	0.0	
521	0.0	0.0	0.0	1.0	0.0	
450	0.0	0.0	0.0	1.0	0.0	
561	0.0	0.0	0.0	0.9	0.1	
283	0.0	0.0	0.0	1.0	0.0	
291	0.0	0.0	0.0	1.0	0.0	
559	0.0	0.0	0.0	0.9	0.1	
496	0.0	0.0	0.0	1.0	0.0	
561	0.0	0.0	0.0	0.9	0.1	
169	0.0	0.0	0.0	0.6	0.4	
188	0.0	0.0	0.0	0.9	0.1	
155	0.0	0.0	0.0	0.9	0.1	
140	0.0	0.0	0.0	0.1	0.9	
100	0.0	0.0	0.0	1.0	0.0	
235	0.6	0.1	0.0	0.1	0.2	
297	0.0	0.0	0.0	0.9	0.1	
121	0.0	0.0	0.0	1.0	0.0	
297	0.0	0.0	0.0	1.0	0.0	
602	0.0	0.0	0.0	0.9	0.1	
466	0.0	0.0	0.0	1.0	0.0	
71	0.0	0.0	0.0	0.9	0.1	
97	0.0	0.0	0.0	1.0	0.0	
494	0.0	0.0	0.0	0.7	0.3	
403	0.0	0.0	0.0	1.0	0.0	
21	0.0	0.0	0.0	1.0	0.0	
430	0.0	0.0	0.0	0.8	0.2	
205	0.0	0.0	0.0	1.0	0.0	
403	0.0	0.0	0.0	1.0	0.0	
490	0.0	0.0	0.0	0.2	0.8	
173	0.0	0.0	0.0	1.0	0.0	
398	0.0	0.0	0.0	1.0	0.0	
476	0.7	0.1	0.0	0.0	0.2	
420	0.0	0.0	0.0	1.0	0.0	
540	0.0	0.0	0.0	1.0	0.0	
266	0.0	0.1	0.0	0.1	0.8	
98	0.2	0.1	0.0	0.5	0.2	
547	0.0	0.0	0.0	0.1	0.9	
31	0.0	0.0	0.0	0.0	1.0	
31	0.0	0.0	0.1	0.0	0.9	
177	0.0	0.0	0.0	1.0	0.0	
293	0.0	0.0	0.0	0.9	0.1	
188	0.0	0.0	0.0	1.0	0.0	
187	0.0	0.0	0.0	1.0	0.0	
241	0.0	0.0	0.0	1.0	0.0	
601	0.0	0.0	0.0	1.0	0.0	
31	0.2	0.0	0.0	0.0	0.8	
366	0.0	0.0	0.0	1.0	0.0	
465	0.0	0.0	0.0	1.0	0.0	
505	0.0	0.0	0.1	0.8	0.1	
156	0.0	0.0	0.0	0.7	0.3	
474	0.0	0.0	0.0	1.0	0.0	
270	0.0	0.0	0.0	1.0	0.0	
136	0.0	0.0	0.0	1.0	0.0	
61	0.0	0.0	0.0	0.8	0.2	
484	0.0	0.0	0.0	0.0	1.0	
398	0.0	0.0	0.0	1.0	0.0	
177	0.0	0.0	0.0	1.0	0.0	
298	0.0	0.0	0.0	1.0	0.0	
608	0.1	0.0	0.0	0.9	0.0	
531	0.0	0.0	0.0	0.1	0.9	
25	0.0	0.0	0.0	0.9	0.1	
31	0.1	0.0	0.0	0.0	0.9	
174	0.0	0.0	0.0	0.6	0.4	
561	0.0	0.0	0.0	1.0	0.0	
590	0.0	0.0	0.0	1.0	0.0	
531	0.0	0.0	0.0	0.0	1.0	
46	0.0	0.0	0.0	0.9	0.1	
448	0.0	0.0	0.0	0.2	0.8	
142	0.0	0.0	0.0	0.3	0.7	
211	0.0	0.0	0.0	0.9	0.1	
398	0.0	0.0	0.0	1.0	0.0	
164	0.0	0.0	0.0	0.1	0.9	
602	0.0	0.0	0.0	0.9	0.1	
420	0.0	0.0	0.0	1.0	0.0	
435	0.0	0.0	0.0	0.1	0.9	
529	0.0	0.0	0.0	0.9	0.1	
452	0.0	0.0	0.0	1.0	0.0	
43	0.0	0.0	0.0	0.9	0.1	
583	0.0	0.0	0.0	0.9	0.1	
494	0.0	0.0	0.0	1.0	0.0	
265	0.0	0.0	0.0	0.1	0.9	
490	0.1	0.1	0.0	0.0	0.8	
174	0.0	0.0	0.0	0.8	0.2	
26	0.0	0.0	0.0	1.0	0.0	
266	0.0	0.0	0.1	0.0	0.9	
402	0.0	0.0	0.0	1.0	0.0	
276	0.0	0.0	0.0	0.9	0.1	
400	0.0	0.0	0.0	1.0	0.0	
279	0.0	0.0	0.0	0.4	0.6	
375	0.0	0.0	0.0	0.9	0.1	
373	0.0	0.8	0.1	0.0	0.1	
235	0.7	0.1	0.0	0.0	0.2	
405	0.0	0.0	0.0	1.0	0.0	
454	0.0	0.0	0.0	0.9	0.1	
602	0.0	0.0	0.0	0.9	0.1	
